OBJECTID,FEATURE_TYPE,LOCATION,FEATURE_NAME,SURFACE_TYPE,WIDTH,SOURCE,SRC_YEAR,STATUS,OWNER,MAINTENANCE,ENFORCEMENT,PED,BIKE,HORSE,DOG,REMARKS,TrailSystem,VerticalGain,Z_Min,Z_Max,Z_Mean,SLength,Min_Slope,Max_Slope,Avg_Slope,Shapelen
288949,4,Niwot,,Concrete,4,dig,0,existing,Private,County,,Yes,No,No,Yes,Transportation Department responsible for maintenance,,0.43629109,5096.56581287,5097.00210396,5096.79524304,35.26688376,1.10918776,1.365229,1.23721041,35.2641560559019
288950,4,Niwot,,Concrete,5,gps,2000,existing,Private,County,,Yes,No,No,Yes,Transportation Department responsible for maintenance,,0.59707253,5096.40503143,5097.00210396,5096.65541458,375.54186777,0.04699574,0.62161535,0.27101362,375.540056209506
288951,3,Mud Lake,Mud Lake Connector Trail,Natural,3,gps,2004,existing,County,County,County,Yes,Yes,Yes,Yes,,,11.16118234,8435.40951166,8446.570694,8441.42000008,340.44640641,2.45947308,6.32505581,4.53009147,340.078015581183
288952,3,Harney Lastoka,,Crusher Fines,8,dig,2012,existing,IGA,IGA,County,Yes,Yes,No,Yes,,,0.63978055,5322.2008074,5322.84058795,5322.49334675,179.72656089,0.02350008,0.553386,0.35846013,179.725070465334
288953,3,Twin Lakes,,Concrete,4,gps,2002,existing,County,Unknown,County,Yes,Yes,Yes,Yes,,,0.30767393,5170.28108146,5170.58875539,5170.5009344,105.04388763,0.01659151,0.61334506,0.29557889,105.043167874343
288954,3,Twin Lakes,,Concrete,4,gps,2002,existing,County,HOA,County,Yes,Yes,Yes,Yes,,,0.49680569,5169.13986622,5169.63667191,5169.49603568,103.26288294,0.16709026,1.04605583,0.51779096,103.260865587385
288955,3,Caribou Ranch,,Natural,3,dig,2004,existing,County,County,County,Yes,No,Yes,No,,,13.83915064,8547.56530571,8561.40445635,8556.26752032,224.16173189,2.15798568,9.85420067,6.19373819,223.633227254239
288956,3,Caribou Ranch,,Natural,3,dig,2004,existing,County,County,County,Yes,No,Yes,No,,,0.45243068,8561.40445635,8561.85688703,8561.63067169,29.66923126,1.52509273,1.52509273,1.52509273,29.6657814601873
288957,3,Caribou Ranch,,Natural,3,dig,2004,existing,County,County,County,Yes,No,Yes,No,,,1.95166536,8560.91496313,8562.86662849,8561.64976659,142.84261554,0.61970422,3.30303607,1.70955942,142.813405631052
288958,3,Caribou Ranch,,Natural,3,dig,2004,existing,County,County,County,Yes,No,Yes,No,,,0.71018853,8562.60646208,8563.31665061,8562.84857409,41.62664354,1.24482149,3.4287164,2.33214195,41.6128527106626
288959,3,Caribou Ranch,,Natural,3,dig,2004,existing,County,County,County,Yes,No,Yes,No,,,1.10590009,8562.86662849,8563.97252858,8563.48854148,42.4493404,1.92974024,3.23267112,2.60627231,42.4340338331693
288960,3,Caribou Ranch,,Stairs,0,gps,2007,existing,County,County,County,Yes,No,Yes,No,,,9.37551425,8616.08785803,8625.46337228,8621.42732066,64.57809138,4.82213869,24.22958635,15.97925134,63.6195735365381
288961,3,Caribou Ranch,,Natural,0,gps,2007,existing,County,County,County,Yes,No,Yes,No,,,2.3567569,8564.96945988,8567.32621678,8566.12563465,222.69212463,0.49539104,9.07410545,3.17729854,222.532288212483
288962,3,Fairgrounds Lake,,Crusher Fines,5,dig,2010,existing,County,County,County,Yes,Yes,Yes,Yes,Trail from parking to Cattail lake.  Width measured in GIS.,,0.52441531,4972.95904158,4973.48345689,4973.22647701,61.48888675,0.3384433,1.12220386,0.85289558,61.4865818776691
288963,3,Fairgrounds Lake,,Crusher Fines,5,gps,2010,existing,County,County,County,Yes,Yes,Yes,Yes,Cattail pond access.  Width measured in GIS.,,0.34478176,4972.25652903,4972.60131079,4972.40873412,33.58185557,0.7490063,1.28132285,1.02675219,33.5800028819133
288964,3,Fairgrounds Lake,,Crusher Fines,5,gps,2010,existing,County,County,County,Yes,Yes,Yes,Yes,Cattail pond access,,1.35041627,4972.46807913,4973.8184954,4973.22483977,94.8400193,0.59010969,1.90921197,1.42407894,94.8293037897722
288965,3,Fairgrounds Lake,,Crusher Fines,5,gps,2010,existing,County,County,County,Yes,Yes,Yes,Yes,Cattail pond access.  Width measured in GIS.,,0.50572917,4973.04869028,4973.55441945,4973.29662403,33.70196542,1.33461177,1.77326912,1.50076805,33.6981228541055
288966,3,Fairgrounds Lake,,Crusher Fines,5,gps,2010,existing,County,County,County,Yes,Yes,Yes,Yes,Cattail pond access.  Width measured in GIS.,,0.58224848,4972.55139737,4973.13364585,4972.86809681,37.63794231,1.24858087,1.79957025,1.54717417,37.6333003552556
288967,3,Fairgrounds Lake,,Crusher Fines,5,gps,2010,existing,County,County,County,Yes,Yes,Yes,Yes,Cattail pond access.  Width measured in GIS.,,0.41860506,4972.8934203,4973.31202536,4973.10615755,34.45063677,1.14980823,1.24387775,1.21517662,34.4480902369574
288968,3,Fairgrounds Lake,,Crusher Fines,5,gps,2010,existing,County,County,County,Yes,Yes,Yes,Yes,Cattail pond access.  Width measured in GIS.,,0.35517717,4972.75740614,4973.11258331,4972.93808645,31.11684226,1.03720409,1.27346132,1.14150675,31.1147990964639
288969,3,Hall Ranch,,Natural,3,dig,2007,existing,County,County,County,Yes,No,Yes,No,Width measured in GIS.  Does this need to be redigitized?,,36.28221575,5605.28669448,5641.56891023,5617.73235013,882.99431807,0.11312266,21.53155745,7.94417081,879.126307050663
288970,3,Hall Ranch,,Natural,3,gps,1999,existing,County,County,County,Yes,Yes,Yes,No,,,28.83107718,5453.62682846,5482.45790564,5469.97336926,797.56828327,0.16970277,26.80731078,5.17283063,795.296965955805
288971,3,Homestead Trail,Homestead Trail,Concrete,8,dig,0,existing,County,County,County,Yes,Yes,Yes,Yes,,LOBO,7.91247038,5159.56700291,5167.47947329,5163.55826879,228.94409968,2.95318358,4.08623718,3.45821156,228.805713508738
288972,3,Mud Lake,,Natural,7,dig,2007,existing,County,County,County,Yes,Yes,Yes,Yes,Width measured in GIS.,,6.12294111,8475.21457851,8481.33751962,8479.60707182,180.82346705,1.46863768,10.28215326,3.68071015,180.626774062636
288973,3,Mud Lake,Mud Lake Access Trail,Natural,3,gps,2004,existing,County,County,County,Yes,Yes,Yes,Yes,,,7.62168024,8497.83173712,8505.45341736,8501.79731035,528.54356203,0.05140129,5.22872112,2.76520822,528.28958531248
288974,3,Mud Lake,Mud Lake Access Trail,Natural,3,gps,2004,existing,County,County,County,Yes,Yes,Yes,Yes,,,10.55485088,8554.70273859,8565.25758947,8560.52918399,136.80012819,5.93872104,9.66911574,7.7410279,136.378090840404
288975,3,Mud Lake,,Natural,3,gps,2004,existing,County,County,County,Yes,Yes,Yes,Yes,,,3.76324302,8374.37484176,8378.13808478,8376.29863954,28.70655752,11.21696345,13.57841531,13.22479906,28.4578232196165
288976,3,Mud Lake,,Natural,3,gps,2004,existing,County,County,County,Yes,Yes,Yes,Yes,,,6.52125758,8364.50419194,8371.02544952,8367.69750943,171.94579206,1.81054491,5.61468948,4.19289103,171.782911394494
288977,3,Mud Lake,,Natural,3,gps,2004,existing,County,County,County,Yes,Yes,Yes,Yes,,,33.1282981,8356.67689434,8389.80519244,8373.77153469,640.36068861,3.14295451,12.48180576,7.40244637,638.39691521026
288978,3,Niwot,,Natural,6,gps,,existing,County,County,County,Yes,Yes,Yes,Yes,,Niwot,3.2767811,5069.89958446,5073.17636556,5071.73658118,217.25407291,1.16111766,2.4361756,1.50848743,217.227488682398
288979,3,Niwot,,Natural,6,gps,2010,existing,County,County,County,Yes,Yes,Yes,Yes,,Niwot,1.33736689,5072.9721537,5074.30952059,5073.61463445,281.95251579,0.03538681,2.60817657,1.09905299,281.926628649431
288980,3,Pella Crossing,,Crusher Fines,5,dig,2007,existing,County,County,County,Yes,Yes,Yes,Yes,Width measured in GIS.,,0.53143091,5066.15597455,5066.68740546,5066.45462028,64.80985038,0.61675074,1.02327738,0.82001744,64.8075376460113
288981,3,Pella Crossing,,Crusher Fines,10,gps,2000,existing,County,County,County,Yes,Yes,Yes,Yes,,,0.56950741,5070.52586914,5071.09537655,5070.8342258,62.84785965,0.73079613,1.05414452,0.90620825,62.8452157028072
288982,3,Pella Crossing,,Stairs,5,gps,2007,existing,County,County,County,Yes,Yes,Yes,Yes,,,1.81411137,5078.92406466,5080.73817603,5079.52908885,58.78825524,0.06632283,5.51444204,3.08876243,58.7501281211816
288983,3,Pella Crossing,,Stairs,5,gps,2007,existing,County,County,County,Yes,Yes,Yes,Yes,,,0.53118753,5081.01684372,5081.54803125,5081.32492038,36.58513593,0.95931075,2.07036463,1.45212189,36.5809048978247
288984,3,Pella Crossing,,Crusher Fines,10,gps,2007,existing,County,County,County,Yes,Yes,Yes,Yes,,,0.93445048,5079.1025751,5080.03702558,5079.56936371,158.479279,0.10032225,1.07683836,0.62522975,158.475502789976
288985,3,Rabbit Mountain,,Natural,7,,,existing,County,County,County,Yes,Yes,Yes,Yes,,,0.01259104,5513.12951138,5513.14210242,5513.1358069,31.50911996,0.03995998,0.03995998,0.03995998,31.509117447987
288986,3,Rabbit Mountain,,Crusher Fines,6,,,existing,County,County,County,Yes,Yes,Yes,Yes,,,3.15609496,5507.25329987,5510.40939483,5508.79786484,27.01055918,11.23998154,12.25368304,11.76570956,26.8251963829757
288987,3,Rabbit Mountain,,Crusher Fines,11,,,existing,County,County,County,Yes,Yes,Yes,Yes,,,0.83206927,5509.57732556,5510.40939483,5509.94479799,20.44808652,2.81744234,4.83990372,4.07311602,20.4301683147179
288988,3,Rabbit Mountain,,Crusher Fines,7,,,existing,County,County,County,Yes,Yes,Yes,Yes,,,3.85981818,5506.54957665,5510.40939483,5508.60261686,38.25388162,8.97990491,11.63676153,10.1444054,38.0553848250931
288989,3,Twin Lakes,,Boardwalk,4,gps,2007,existing,Boulder,County,County,Yes,Yes,Yes,Yes,Width measured in GIS.,,1.94630845,5164.25038976,5166.19669821,5165.10534917,75.17511119,1.81325439,3.40507371,2.59003066,75.1486770713381
288990,3,Twin Lakes,,Stairs,4,gps,2007,existing,County,County,County,Yes,Yes,Yes,Yes,,,0.90387875,5165.97389401,5166.87777276,5166.2153079,62.09750398,0.65344388,3.68430418,1.81522676,62.0817904423188
288991,3,Twin Lakes,,Crusher Fines,9,gps,2002,existing,County,County,County,Yes,Yes,Yes,Yes,Dogs allowed off-leash,,0.1162795,5178.78922525,5178.90550475,5178.84655905,84.12988145,0.18807928,0.32071944,0.2460103,84.1296119680412
288992,3,Twin Lakes,,Concrete,9,gps,2002,existing,County,County,County,Yes,Yes,Yes,Yes,,,0.07948772,5178.79541016,5178.87489788,5178.80234988,178.56480812,0,0.26131026,0.04451492,178.56470783996
288993,3,Walden Ponds,,Road Base,0,gps,2000,existing,County,County,County,Yes,Yes,Yes,Yes,,,0.82320512,5124.1010376,5124.92424272,5124.5678223,167.10689952,0.22844406,0.73680742,0.49262965,167.104663183195
288994,3,Walden Ponds,,Natural,6,gps,2000,existing,County,County,County,Yes,Yes,Yes,Yes,,,0.25554137,5118.85475347,5119.11029484,5119.02921372,88.88325698,0,0.55953463,0.28750582,88.8826437424973
288995,3,Walker Ranch,,Natural,0,dig,2004,existing,County,County,County,Yes,Yes,Yes,Yes,,,1.16198054,7369.23770349,7370.39968403,7370.07278554,133.44857556,0.10907974,3.50880992,0.9187872,133.434595990665
288996,3,Walker Ranch,,Natural,6,gps,2000,existing,County,County,County,Yes,Yes,Yes,Yes,,,3.02770115,7369.23770349,7372.26540464,7370.7355213,90.17791739,2.97458025,3.71844424,3.35941229,90.126687027691
288997,3,Walker Ranch,,Natural,6,gps,2000,existing,County,County,County,Yes,Yes,Yes,Yes,,,3.30665184,7371.70132628,7375.00797812,7373.45873046,147.77480935,1.64511155,3.00631496,2.23827204,147.736012342887
288998,3,Willows,,Concrete,9,gps,2002,existing,County,County,County,Yes,Yes,Yes,Yes,,,0.00017501,5178.79541016,5178.79558517,5178.79543865,129.33187621,0,0.00098977,0.00032188,129.331876201898
288999,3,Walden Ponds,,Boardwalk,5,dig,2012,existing,County,County,County,Yes,Yes,Yes,Yes,,,0.19308397,5118.55934774,5118.75243171,5118.65965784,37.75473098,0.47149973,0.55134683,0.51142343,37.7542342268204
289000,3,Walden Ponds,,Boardwalk,5,dig,2012,existing,County,County,County,Yes,Yes,Yes,Yes,,,0.08634223,5118.75243171,5118.83877394,5118.79794386,50.12748654,0.06921588,0.67648454,0.31294511,50.1271134382612
289001,3,Walden Ponds,,Road Base,9,,,existing,County,County,County,Yes,Yes,No,Yes,Width measured in GIS.,,0.30578439,5118.74718098,5119.05296537,5118.91013691,55.24455517,0.48064893,0.62638927,0.55351939,55.2436942156183
289002,4,30th Street,,Concrete,5,,,existing,ROW,Unknown,County,Yes,Yes,No,Yes,Width measured in GIS.,,0.88801029,5370.09899095,5370.98700124,5370.54744833,158.98048289,0.39591633,0.64415913,0.55857491,158.977943380318
289003,4,75th Street,,Concrete,8,dig,2007,existing,ROW,County,Sheriff,Yes,Yes,No,Yes,Transportation responsible for maintenance.  Width measured in GIS.,,9.73372592,5161.53753287,5171.27125879,5166.04624395,407.11289768,1.52390499,3.15160555,2.39167395,406.992275831565
289004,4,75th Street,,Concrete,8,dig,2007,existing,Private,County,Sheriff,Yes,Yes,No,Yes,Transportation Department responsible for maintenance,,18.08674175,5143.45079112,5161.53753287,5152.05413598,841.96025959,1.3564969,2.80731962,2.1487098,841.760204380234
289005,4,75th Street,,Concrete,8,dig,2007,existing,ROW,County,Sheriff,Yes,Yes,No,Yes,Transportation Department responsible for maintenance,,8.22603476,5148.77265165,5156.99868641,5152.37476119,588.1061366,0.07183555,3.95609644,1.67079055,587.964995033
289006,4,75th Street,,Concrete,8,dig,2007,existing,ROW,County,Sheriff,Yes,Yes,No,Yes,Transportation Department responsible for maintenance,,6.64696858,5136.80382254,5143.45079112,5140.11704743,654.18040789,0.3715083,1.51216687,1.01613818,654.144407766581
289007,4,75th Street,,Concrete,8,dig,2007,existing,ROW,County,Sheriff,Yes,Yes,No,Yes,Transportation Department responsible for maintenance,,22.99491824,5172.88412,5195.87903824,5185.57190123,889.95438291,1.29664105,3.65905145,2.58484327,889.639587081417
289008,4,75th Street,,Concrete,8,dig,2007,existing,ROW,County,Sheriff,Yes,Yes,No,Yes,Transportation Department responsible for maintenance,,23.78093084,5197.11220039,5220.89313123,5206.18173439,1234.69049359,0.17637647,3.90858211,2.23651944,1234.30990618114
289009,4,75th Street,,Concrete,8,dig,2007,existing,ROW,County,Sheriff,Yes,Yes,No,Yes,Transportation Department responsible for maintenance,,19.38466007,5221.68672828,5241.07138835,5232.18989489,1008.38510624,0.40051639,3.28124787,1.92283257,1008.17479736731
289010,4,75th Street,,Concrete,8,dig,2007,existing,ROW,County,Sheriff,Yes,Yes,No,Yes,Transportation Department responsible for maintenance,,28.93543644,5233.99228371,5262.92772015,5244.7571074,2589.24584502,0.00354053,9.117191,1.96003525,2588.19775071075
289011,4,Jay Rd.,,Concrete,8,dig,2007,existing,ROW,County,Sheriff,Yes,Yes,No,Yes,Transportation Department responsible for maintenance,,2.1179182,5143.20596314,5145.32388134,5144.1070089,213.1718074,0.70599458,1.74336415,0.99359369,213.160179214372
289012,4,Niwot,,Concrete,4,dig,0,existing,Private,County,,Yes,Yes,Yes,Yes,Transportation Department responsible for maintenance,,5.23641932,5090.14551559,5095.38193491,5093.16058487,502.07886436,0.55464127,1.98113646,1.04302407,502.048747816031
289013,4,Niwot,,Concrete,4,dig,0,existing,Private,County,,Yes,Yes,Yes,Yes,Transportation Department responsible for maintenance,,0.77424205,5095.97908838,5096.75333043,5096.49990052,537.69439999,0.00808158,0.92871791,0.28509106,537.690216592962
289014,4,Niwot,,Concrete,4,dig,0,existing,ROW,County,,Yes,Yes,Yes,Yes,,,32.80127473,5150.68955716,5183.49083189,5167.09471511,1127.72316738,0.31324685,5.56534708,2.94601813,1127.09203820587
289015,4,Niwot,,Concrete,4,dig,2006,existing,ROW,HOA,,Yes,Yes,Yes,Yes,from ortho,,19.43017107,5080.43690559,5099.86707666,5089.35292896,1137.12260225,0.77368834,5.60881293,2.36722662,1136.73380317351
289016,4,Niwot,,Concrete,5,dig,0,existing,ROW,County,,Yes,Yes,Yes,Yes,Transportation Department responsible for maintenance,,2.20551065,5096.44897452,5098.65448517,5097.59744049,802.60590805,0.1312739,0.44649166,0.27479506,802.602598475194
289017,4,Niwot,,Concrete,5,dig,0,existing,ROW,County,,Yes,Yes,Yes,Yes,Transportation Department responsible for maintenance,,2.88121269,5096.60850703,5099.48971972,5098.06870686,611.74859794,0.24540636,0.70327562,0.47098633,611.741274457245
289018,4,Niwot,,Concrete,5,gps,2000,existing,County,County,County,Yes,Yes,Yes,Yes,Transportation Department responsible for maintenance,,25.81720271,5077.31699334,5103.13419605,5088.32616555,1264.75748552,0.84498597,5.40921609,2.04210696,1264.42646875845
289019,4,Niwot,,Concrete,5,gps,2000,existing,ROW,County,,Yes,Yes,Yes,Yes,Transportation Department responsible for maintenance,,1.21392271,5094.65022381,5095.86414652,5095.3045912,215.33792596,0.46903132,0.79781967,0.56373911,215.334387155795
289020,4,Niwot,,Concrete,5,gps,2000,existing,ROW,County,,Yes,Yes,Yes,Yes,Transportation Department responsible for maintenance,,28.91773303,5132.5673216,5161.48505463,5148.53858735,817.92350567,0.50296683,6.40763829,3.53878563,817.325846114087
289021,4,Niwot,,Concrete,5,gps,2000,existing,ROW,County,,Yes,Yes,Yes,Yes,Transportation Department responsible for maintenance,,3.80084819,5099.48971972,5103.29056791,5101.36787629,534.01608025,0.36508599,0.99768898,0.71176896,534.00178591892
289022,4,Niwot,,Concrete,5,gps,2000,existing,ROW,County,,Yes,Yes,Yes,Yes,Transportation Department responsible for maintenance,,10.93833726,5163.918208,5174.85654526,5169.78584316,590.41907655,1.19606203,3.05565568,1.85303105,590.310378520505
289023,4,Niwot,,Concrete,5,gps,2000,existing,ROW,County,,Yes,Yes,Yes,Yes,Transportation Department responsible for maintenance,,27.33730448,5103.27509599,5130.61240047,5115.02549429,1124.17318473,0.85241983,6.23419473,2.43315174,1123.75706730664
289024,4,Niwot,,Concrete,8,dig,0,existing,County,County,County,Yes,Yes,Yes,Yes,Transportation Department responsible for maintenance,,1.01231431,5070.08517807,5071.09749238,5070.50735252,162.52386724,0.07548099,3.48308659,1.08008398,162.503302827217
289025,4,Niwot,,Concrete,8,dig,0,existing,Private,County,,Yes,Yes,Yes,Yes,Transportation Department responsible for maintenance,,4.65680546,5071.09749238,5075.75429784,5073.44673783,180.12043796,1.46422851,3.92408645,2.58649497,180.054660640588
289026,4,Niwot,Hidden Star Trail,Concrete,10,dig,0,existing,ROW,Unknown,,Yes,Yes,No,Yes,,Niwot,47.17081899,5110.40819649,5157.57901548,5138.51058626,1031.62906762,0.01127007,11.03037982,5.08069362,1029.67851914583
289027,4,Niwot,,Concrete,10,gps,2000,existing,ROW,County,,Yes,Yes,Yes,Yes,Transportation Department responsible for maintenance,,10.53715337,5084.11307044,5094.65022381,5091.13432362,939.1521657,0.32630864,2.98714665,1.1222064,939.060895486841
289028,4,Niwot,,Concrete,12,dig,2000,existing,County,County,County,Yes,Yes,Yes,Yes,Transportation Department responsible for maintenance,,6.2181919,5075.75429784,5081.97248974,5078.5908945,304.35261508,1.28533926,3.25587987,2.04363906,304.283349296959
289029,4,Niwot,,Concrete,12,gps,2000,existing,County,County,County,Yes,Yes,Yes,Yes,Transportation Department responsible for maintenance,,9.48581978,5061.34179688,5070.82761666,5065.55258244,691.80985035,0,9.13798383,2.70903909,691.3167076082
289030,4,Niwot,,Crusher Fines,4,dig,2006,existing,ROW,HOA,,Yes,Yes,Yes,Yes,from ortho,,41.05504515,5101.90851239,5142.96355754,5129.6939972,2030.67763264,0.26856592,9.50574542,3.02539292,2029.02294949673
289031,4,Niwot,Niwot Trails,Concrete,5,gps,2000,existing,County,County,County,Yes,Yes,No,Yes,corrected from image,Niwot,0.37648756,5070.5279332,5070.90442076,5070.66141934,238.81745112,0.01450171,0.96243909,0.352706,238.814886927456
289032,3,Coal Creek,,Crusher Fines,4,gps,2013,existing,Boulder County,Unknown,County,Yes,Yes,Yes,Yes,,CCRC,9.60579482,5127.71605713,5137.32185195,5134.29324564,299.86168868,0.14387351,16.48572031,3.50446274,299.426854828509
289033,3,Coal Creek,,Crusher Fines,4,gps,2013,existing,Boulder County,Unknown,County,Yes,Yes,Yes,Yes,,CCRC,3.62056312,5109.98159421,5113.60215733,5112.30296331,119.74206291,0.48248907,5.93089184,3.10643618,119.671267506233
289034,3,Betasso Preserve,,Crusher Fines,4,gps,2012,existing,County,County,County,Yes,Yes,Yes,Yes,,,10.42902494,6547.38476005,6557.81378499,6552.94146238,122.56716804,7.24765802,9.73962603,8.54139042,122.115092610665
289035,3,Betasso Preserve,,Crusher Fines,4,gps,2012,existing,County,County,County,Yes,Yes,Yes,Yes,,,12.98742545,6534.3973346,6547.38476005,6540.5151611,305.84870907,0.59289592,10.81912551,8.06488957,304.781383255802
289036,3,Betasso Preserve,,Crusher Fines,4,gps,2012,existing,County,County,County,Yes,Yes,Yes,Yes,,,1.40490746,6545.97985259,6547.38476005,6546.65048041,70.04969459,1.62468735,2.27922062,2.00600009,70.0354937099196
289037,3,Betasso Preserve,,Crusher Fines,4,gps,2012,existing,County,County,County,Yes,Yes,Yes,Yes,,,2.43593619,6543.5439164,6545.97985259,6545.00823869,124.32202041,1.2485752,3.47593553,1.95998819,124.293813420229
289038,3,Betasso Preserve,,Natural,8,dig,2004,existing,County,County,County,Yes,Yes,Yes,Yes,Bikes prohibited Wed & Sat,,18.25806824,6542.7100558,6560.96812404,6550.89518962,311.85701512,0.51724908,9.00484073,5.87000734,311.217867070747
289039,3,Betasso Preserve,,Natural,4,dig,2007,existing,County,County,County,Yes,Yes,Yes,Yes,Bikes prohibited Wed & Sat.  Width measured in GIS.,,14.16545215,6525.56408453,6539.72953668,6531.93990868,97.88924263,10.78333528,18.07727766,14.64056132,96.8238150370672
289040,3,Betasso Preserve,,Natural,4,dig,2007,existing,County,County,County,Yes,Yes,Yes,Yes,Bikes prohibited Wed & Sat.  Width measured in GIS.,,10.97804342,6525.56408453,6536.54212795,6530.80256999,61.72233171,15.85921088,20.1821789,18.08364371,60.7278523801332
289041,3,Betasso Preserve,,Natural,4,dig,2007,existing,County,County,County,Yes,Yes,Yes,Yes,Bikes prohibited Wed & Sat.  Width measured in GIS.,,59.26365402,6466.30043051,6525.56408453,6492.42172164,430.33378404,6.55369178,19.98528956,13.93528687,425.909704922485
289042,3,Twin Lakes,,Crusher Fines,10,dig,2013,existing,County,County,County,Yes,Yes,Yes,Yes,Width measured in GIS.,,0.34856234,5172.07936659,5172.42792893,5172.31223492,136.85187007,0.08697413,0.583104,0.30152183,136.851063668006
289043,1,Heil Valley Ranch,Lichen Loop,Natural,3,gps,2000,existing,County,County,County,Yes,No,No,No,,,23.52966426,5873.84045376,5897.37011802,5883.15493505,599.61868455,0.5701887,17.60896899,7.55648337,597.336007770434
289044,1,Ag Heritage Center,AHC Trail,Crusher Fines,3,,,existing,County,County,County,Yes,No,No,No,,,6.34047193,5108.38399507,5114.724467,5112.1592751,159.35331539,2.14783345,6.41275792,3.98325717,159.211692011862
289045,1,Ag Heritage Center,AHC Trail,Crusher Fines,7,,,existing,County,County,County,Yes,No,No,No,,,3.94185265,5098.34803443,5102.28988708,5100.91747976,211.01631477,0.48362067,3.93801958,2.21896661,210.949952187039
289046,1,Ag Heritage Center,AHC Trail,Crusher Fines,10,,,existing,County,County,County,Yes,No,No,No,,,5.96551834,5108.27614004,5114.24165838,5111.60095822,556.8611528,0.0427656,3.48858303,1.57398784,556.756073047587
289047,1,Ag Heritage Center,AHC Trail,Crusher Fines,3,gps,2006,existing,County,County,County,Yes,No,No,No,,,1.25267425,5108.20855802,5109.46123227,5108.49898416,260.12967418,0.00068299,2.14740886,0.82333993,260.115058573135
289048,1,Ag Heritage Center,AHC Trail,Crusher Fines,3,gps,2006,existing,County,County,County,Yes,No,No,No,,,12.66174787,5100.27216626,5112.93391413,5107.95103284,770.80021113,0.0722929,8.81655259,3.38126923,770.127053122531
289049,1,Caribou Ranch,Blue Bird Loop,Natural,3,gps,2007,existing,County,County,County,Yes,No,Yes,No,,,20.01067537,8659.24487446,8679.25554983,8670.4259639,735.27451347,0.24052607,12.9235357,4.99390341,734.021495780777
289050,1,Caribou Ranch,Blue Bird Loop,Natural,3,gps,2004,existing,County,County,County,Yes,No,Yes,No,,,2.37969456,8608.90028334,8611.2799779,8609.92679565,103.12120609,0.23881159,4.48623785,2.41034617,103.07951302376
289051,1,Caribou Ranch,Blue Bird Loop,Natural,3,gps,2004,existing,County,County,County,Yes,No,Yes,No,,,2.37969456,8608.90028334,8611.2799779,8610.07724877,37.5828556,6.20666708,6.48253158,6.34461135,37.5074049040452
289052,1,Caribou Ranch,Blue Bird Loop,Natural,3,gps,2004,existing,County,County,County,Yes,No,Yes,No,,,57.16601556,8611.2799779,8668.44599346,8635.73592208,4126.80870922,0.01518662,9.74282441,3.17454035,4123.80189470704
289053,1,Caribou Ranch,Blue Bird Spur,Natural,3,gps,2004,existing,County,County,County,Yes,No,Yes,No,,,46.49734637,8679.25554983,8725.7528962,8695.36060362,659.55378418,1.21903977,19.41597705,7.10143464,657.032032966575
289054,1,Caribou Ranch,Blue Bird Spur,Natural,6,gps,2010,existing,County,County,County,Yes,No,No,No,,,79.06550023,8725.59218423,8804.65768446,8769.27521836,968.48670838,0.20099572,21.58803113,9.11916125,963.212393288595
289055,1,Caribou Ranch,DeLonde Trail,Natural,3,gps,2004,existing,County,County,County,Yes,No,Yes,No,,,84.75824683,8566.98324121,8651.74148804,8625.34280812,6143.37891646,0.00293794,15.65269321,3.75086795,6136.87967539029
289056,1,Dodd Lake,Dodd Lake Trail,Crusher Fines,6,dig,2006,existing,Audobon Society,County,County,Yes,No,No,No,Audubon Society,,7.71771321,5124.52963436,5132.24734757,5128.35941119,541.70101187,0.14526374,10.25253056,1.90872264,541.499471398813
289057,2,Fairgrounds Lake,Cattail Pond Trail,Crusher Fines,8,gps,2010,existing,County,County,County,Yes,Yes,Yes,Yes,Cattail pond access,,6.60247209,4972.50783491,4979.110307,4973.87569543,1208.0329227,0.01015945,3.50723475,0.81246234,1207.94670491773
289058,1,Four Mile Open Space,Anne U White Trail,Natural,3,gps,2000,existing,County,County,County,Yes,No,Yes,Yes,,,484.47233281,6028.28505577,6512.75738858,6250.41119261,8450.62811362,0.01342269,39.03032526,9.02337638,8398.01364145276
289059,1,Hall Ranch,Button Rock Trail,Natural,3,gps,1999,existing,County,County,County,Yes,No,No,No,,,79.50823998,6635.15273222,6714.6609722,6678.82413238,1648.33458794,0.17636923,15.27015127,4.91630173,1645.19796315537
289060,1,Hall Ranch,Button Rock Trail,Natural,3,gps,1999,existing,County,County,County,Yes,No,No,No,,,141.32422867,6493.82850355,6635.15273222,6549.67350824,9053.77714331,0.03390225,39.59317857,7.1162177,9015.72647871117
289061,1,Hall Ranch,Nighthawk Trail,Natural,3,dig,0,existing,County,County,County,Yes,No,Yes,No,,,25.41126915,6688.735542,6714.14681115,6699.12285666,835.59314426,0.1742886,6.09954071,3.16974581,835.090082265413
289062,1,Mud Lake,Shoreline Trail,Natural,3,gps,2004,existing,County,County,County,Yes,No,No,Yes,,,15.79652103,8366.15739612,8381.95391715,8374.91350764,871.29939008,0.11347972,24.17719446,3.82501276,870.06577797966
289063,1,Walden Ponds,Walden Ponds Trail,Boardwalk,6,gps,2000,existing,County,County,County,Yes,No,No,No,"corrected from orthophoto,jpb",,0.72413222,5122.00737088,5122.7315031,5122.10190916,609.05166008,0,1.08075643,0.16936075,609.047164231204
289064,1,Hall Ranch,Nighthawk Trail,Natural,3,gps,1999,existing,County,County,County,Yes,No,Yes,No,,,1281.76128696,5477.92566412,6759.68695108,6075.56445891,23708.42417728,0.00923224,36.83562416,7.82995841,23598.3965189583
289065,2,,Gale Trail,Crusher Fines,6,gps,,existing,ROW,County,County,Yes,Yes,Yes,Yes,,,6.01567012,5273.33295255,5279.34862267,5277.10233087,647.47519483,0.00196876,2.2825386,1.0659375,647.425086332954
289066,1,Ag Heritage Center,AHC Trail,Crusher Fines,3,,,existing,County,County,County,Yes,No,No,No,,,3.04113446,5109.46123227,5112.50236673,5110.98894858,117.44604253,2.49395732,2.73064573,2.59025984,117.406622019554
289067,1,Ag Heritage Center,AHC Trail,Crusher Fines,3,gps,2006,existing,County,County,County,Yes,No,No,No,,,0.26462825,5108.26259769,5108.52722594,5108.43655571,53.23261351,0.13930578,1.54209264,0.71424148,53.2303486436251
289068,2,Mud Lake,Caribou Ranch Link Trail,Natural,3,gps,2007,existing,Private,County,County,Yes,Yes,Yes,Yes,,,93.81732012,8472.53976895,8566.35708907,8518.12924495,1379.14939434,0.67808798,22.89317826,7.16420993,1374.34213242459
289069,2,Hall Ranch,Nelson Loop Trail,Natural,3,gps,1999,existing,County,County,County,Yes,Yes,Yes,No,,,1.47864948,6396.36461284,6397.84326232,6397.10393758,21.05192905,7.04120948,7.04120948,7.04120948,20.9999360195577
289070,2,Hall Ranch,Nelson Loop Trail,Natural,3,gps,1999,existing,County,County,County,Yes,Yes,Yes,No,,,298.21087906,6396.90126541,6695.11214447,6532.90902028,11718.73699951,0.0450153,29.61619696,6.86295562,11678.7820192607
289071,2,Harney Lastoka,Harney Lastoka Trail,Crusher Fines,8,dig,2012,existing,IGA,Lafayette,County,Yes,Yes,No,Yes,,,1.29299441,5288.34101208,5289.63400649,5288.99217193,82.23896166,1.48501779,1.69622623,1.57243696,82.228763265756
289072,2,Harney Lastoka,Harney Lastoka Trail,Crusher Fines,8,gps,2007,existing,IGA,Lafayette,County,Yes,Yes,No,Yes,,,10.41438875,5289.63400649,5300.04839524,5294.57269739,1356.32031259,0.00181357,1.7502908,0.7855069,1356.25976367127
289073,2,Harney Lastoka,Harney Lastoka Trail,Crusher Fines,8,gps,2007,existing,IGA,Lafayette,Lafayette,Yes,Yes,No,Yes,,,22.20796839,5250.31801312,5272.52598151,5266.19402613,1727.94862835,4.57e-05,6.49101029,1.39057176,1727.5902143959
289074,2,Heatherwood Sub,Heatherwood Notch Trail,Crusher Fines,10,dig,2006,existing,GID,County,County,Yes,Yes,Yes,Yes,,,34.18218527,5242.66297041,5276.84515568,5261.98018329,1444.36532165,0.47362953,4.33728782,2.36752634,1443.90533789135
289075,2,Lagerman Reservoir,Lagerman Trail,Road Base,12,gps,2000,existing,County,County,County,Yes,Yes,Yes,Yes,,,15.781736,5084.52853158,5100.31026758,5088.19251313,5214.12181723,0.00030642,4.2751993,0.54146093,5213.91587189682
289076,2,Lagerman Reservoir,Lagerman Trail,Road Base,12,gps,2000,existing,County,County,County,Yes,Yes,Yes,Yes,Seasonal Closure,,11.42095089,5089.57804637,5100.99899726,5095.84002707,3191.57888949,0.00115188,8.96380837,1.39281521,3190.82457554794
289077,2,Legion Park,Legion Park Trail,Natural,3,dig,0,existing,County,County,County,Yes,Yes,Yes,Yes,,,61.01950889,5295.28287758,5356.30238647,5319.08826613,3921.39337052,0.03365891,16.93228664,3.65039418,3915.65276687063
289078,2,Mud Lake,Caribou Ranch Link Trail,Boardwalk,3,gps,2004,existing,County,County,County,Yes,Yes,Yes,Yes,,,3.76399913,8330.53011842,8334.29411755,8331.77901395,89.64128484,2.96103356,12.4209947,7.14401874,89.3608592367785
289079,2,Mud Lake,Caribou Ranch Link Trail,Natural,3,gps,2004,existing,County,County,County,Yes,Yes,Yes,Yes,,,44.78657519,8334.29411755,8379.08069274,8363.83448281,568.1869926,0.03948634,19.14299124,8.27611395,565.198650590635
289080,2,Mud Lake,Caribou Ranch Link Trail,Natural,3,gps,2004,existing,County,County,County,Yes,Yes,Yes,Yes,,,139.39807044,8333.14169851,8472.53976895,8397.6277977,1590.87624493,1.39305773,19.3736839,8.90067529,1583.60407924097
289081,2,Mud Lake,West Shore Access Trail,Natural,3,gps,2004,existing,County,County,County,Yes,Yes,Yes,Yes,,,25.2136074,8378.13808478,8403.35169218,8391.96213359,1095.71348119,0.23314709,15.39701658,6.0138188,1093.2003844344
289082,2,Mud Lake,West Shore Access Trail,Natural,3,gps,2004,existing,County,County,County,Yes,Yes,Yes,Yes,,,5.12117033,8382.68779296,8387.80896329,8385.00470328,72.74881503,4.92164279,10.0448467,7.06152091,72.5533612260073
289083,2,Mud Lake,West Shore Access Trail,Natural,3,gps,2004,existing,County,County,County,Yes,Yes,Yes,Yes,,,4.36993045,8387.80896329,8392.17889374,8390.49891776,73.64949885,2.94711115,10.62039172,5.95085215,73.494058029108
289084,2,Niwot,95th Street,Crusher Fines,6,dig,2006,existing,ROW,County,County,Yes,Yes,Yes,Yes,from ortho,,15.25613586,5119.92922979,5135.18536565,5128.83889775,745.40293842,0.00986732,14.83675182,4.14918094,744.270011611408
289085,2,Niwot,95th Street,Crusher Fines,6,dig,2008,existing,ROW,County,County,Yes,Yes,Yes,Yes,,,6.69285391,5117.92937234,5124.62222625,5121.32630092,544.62888076,0.5703695,1.92174504,1.22899932,544.584442059904
289086,2,Niwot,Legend Ridge Trail,Crusher Fines,8,dig,0,existing,Private,County,County,Yes,Yes,Yes,Yes,COUNTY MAINTAINED,Niwot,77.38696396,5284.96664087,5362.35360483,5333.21757236,7702.02384455,0.02979471,8.53086517,2.62420668,7697.65202866804
289087,2,Niwot,95th Street,Crusher Fines,8,dig,2006,existing,ROW,County,County,Yes,Yes,Yes,Yes,from ortho,,10.06712178,5124.62222625,5134.68934803,5129.68262054,816.18000335,0.32759038,2.69248674,1.23360393,816.104742586333
289088,2,Niwot,95th Street,Crusher Fines,8,dig,2007,existing,ROW,County,County,Yes,Yes,Yes,Yes,,,80.66226252,5037.26710982,5117.92937234,5080.65074499,2923.30621712,1.45543919,5.09903253,2.76063963,2922.09416711996
289089,2,Niwot,Niwot Hills Trail,Crusher Fines,8,dig,2009,existing,Private,HOA,County,Yes,Yes,Yes,Yes,,Niwot,127.61620713,5148.19132906,5275.80753619,5204.88089626,2702.21570573,0.63964864,9.27833645,4.74290514,2698.87147224895
289090,2,Niwot,Niwot Trails,Crusher Fines,10,dig,2012,existing,County,County,County,Yes,Yes,Yes,Yes,,Niwot,1.1149539,5156.66598693,5157.78094083,5157.21277441,37.95096629,2.82633842,3.05196292,2.93915441,37.9345606257254
289091,2,Niwot,Niwot Trails,Crusher Fines,10,gps,2000,existing,County,County,County,Yes,Yes,No,Yes,,Niwot,17.54273999,5088.24414063,5105.78688062,5099.33272536,1822.46554827,0,4.0532651,1.01055446,1822.28359424852
289092,2,Niwot,Hidden Star Trail,Crusher Fines,10,gps,2000,existing,County,County,County,Yes,Yes,Yes,Yes,,Niwot,9.80964386,5150.2891087,5160.09875256,5155.23925825,3149.32916162,0.0146727,5.10234031,1.14934238,3149.01170461788
289093,2,Niwot,Niwot Trails,Crusher Fines,10,gps,2000,existing,ROW,County,,Yes,Yes,No,Yes,"from orthophoto, jpb",Niwot,5.42291603,5099.63242833,5105.05534436,5102.23680404,925.45778148,0.06408563,0.86989174,0.5859845,925.439978050781
289094,2,Niwot,Somerset Trail,Crusher Fines,12,gps,2000,existing,County,County,County,Yes,Yes,Yes,Yes,,Niwot,29.20570724,5305.01709351,5334.22280075,5321.01646084,660.82442268,1.321472,7.45740848,4.4257307,660.091099884945
289095,2,Niwot,Niwot Trails,Crusher Fines,12,gps,2000,existing,County,County,County,Yes,Yes,Yes,Yes,,Niwot,9.30951243,5090.28843561,5099.59794804,5094.1568734,546.56079958,0.61560007,9.03651486,3.00846811,546.156009128637
289096,2,Niwot,Niwot Trails,Crusher Fines,12,gps,2000,existing,County,County,County,Yes,Yes,Yes,Yes,,Niwot,19.979613,5116.89127549,5136.87088849,5125.71329107,1162.80785396,0.21425465,4.29080935,1.90143945,1162.52179542392
289097,2,Niwot,Niwot Trails,Crusher Fines,12,gps,2000,existing,County,County,County,Yes,Yes,Yes,Yes,,Niwot,3.10678345,5137.43908139,5140.54586484,5138.83905113,120.27177319,1.50083637,3.1417217,2.58411562,120.229671690801
289098,2,Niwot,Niwot Trails,Concrete,12,gps,2000,existing,County,County,County,Yes,Yes,Yes,Yes,corrected from image,Niwot,2.18007616,5098.01813995,5100.19821611,5098.70518677,92.54141157,0.19289961,4.38716566,2.39823644,92.5040753540554
289099,2,Niwot,Somerset Trail,Crusher Fines,12,gps,2000,existing,Private,County,County,Yes,Yes,Yes,Yes,,Niwot,16.72796428,5288.28912923,5305.01709351,5294.45737137,476.76428415,0.55663499,9.35107042,5.97320185,475.788162473309
289100,2,Niwot,Niwot Hills Trail,Road Base,8,dig,0,existing,Private,County,County,Yes,Yes,Yes,Yes,"from ortho, jpb, 12-18-00",Niwot,33.70325877,5275.80753619,5309.51079496,5292.8533904,678.16492328,3.75625645,7.56838337,4.97649998,677.30180061771
289101,2,Pella Crossing,Braly Trails,Crusher Fines,10,gps,2000,existing,County,County,County,Yes,Yes,Yes,Yes,,,2.05684909,5062.94195581,5064.9988049,5064.07056356,707.90953713,0.06737763,1.98367586,0.67775753,707.884199345666
289102,2,Pella Crossing,Braly Trails,Crusher Fines,10,gps,2000,existing,County,County,County,Yes,Yes,Yes,Yes,,,5.52845477,5064.9988049,5070.52725967,5068.61703151,1801.57130017,0.0005211,4.24835065,0.91206472,1801.40901726743
289103,2,Pella Crossing,Braly Trails,Crusher Fines,10,gps,2000,existing,County,County,County,Yes,Yes,Yes,Yes,,,3.34751195,5068.23756864,5071.58508059,5069.85856802,101.00732611,2.92923149,3.49089182,3.31597442,100.951580248715
289104,2,Pella Crossing,Braly Trails,Crusher Fines,10,gps,2000,existing,County,County,County,Yes,Yes,Yes,Yes,,,1.75337412,5067.67393643,5069.42731055,5068.13305015,90.83200056,0.59988311,5.4862533,2.55313325,90.787451783099
289105,2,Pella Crossing,Marlatt Trails,Crusher Fines,10,gps,2004,existing,County,County,County,Yes,Yes,Yes,Yes,,,7.86676168,5085.32209303,5093.18885471,5089.61253049,1952.70896756,0.00904056,5.04838747,1.35702687,1952.41776201165
289106,2,Pella Crossing,Marlatt Trails,Crusher Fines,10,gps,2007,existing,County,County,County,Yes,Yes,Yes,Yes,,,2.48932821,5078.56920263,5081.05853084,5079.91797297,1251.79525177,0.00406519,2.85087911,0.71228949,1251.73694630398
289107,2,Pella Crossing,Marlatt Trails,Crusher Fines,10,gps,2007,existing,County,County,County,Yes,Yes,Yes,Yes,,,9.65636915,5079.25201112,5088.90838027,5081.46542486,272.799794,0.14871565,9.22710951,3.70447343,272.429581452482
289108,2,Rabbit Mountain,Eagle Wind Trail,Natural,3,gps,1999,existing,County,County,County,Yes,Yes,Yes,Yes,,,108.26373884,5746.81788669,5855.08162553,5803.84697666,10372.17859993,0.05370503,16.71370829,5.31711933,10350.6104630695
289109,2,Rabbit Mountain,Indian Mesa Trail,Road Base,10,gps,1999,existing,County,County,County,Yes,Yes,Yes,Yes,,,286.52883047,5479.04207988,5765.57091035,5611.05691636,8432.39426673,0.00648644,17.24802228,4.96572499,8416.31636843675
289110,2,Reynolds Ranch,,Natural,3,gps,,existing,County,NA,County,Yes,Yes,Yes,Yes,,,2.15407205,8627.89570644,8630.04977849,8628.97274246,25.46249681,8.49021922,8.49021922,8.49021922,25.3712182872534
289111,2,Reynolds Ranch,,Natural,3,gps,,existing,County,NA,County,Yes,Yes,Yes,Yes,Do Not Show,,22.66167851,8629.43786663,8652.09954514,8636.27658402,969.03431874,0.04819496,13.96712785,4.83770927,967.282776843463
289112,2,Reynolds Ranch,,Natural,3,gps,2009,existing,County,NA,County,Yes,Yes,Yes,Yes,Used Lion with Hurricane,,149.3246513,8206.06575444,8355.39040574,8293.13279727,2307.86053153,0.24734689,53.13686009,16.89274897,2264.90842756608
289113,2,Reynolds Ranch,,Natural,3,gps,2010,existing,County,NA,County,Yes,Yes,Yes,Yes,Do Not Show,,116.33235695,8588.44291918,8704.77527613,8632.95308299,2890.440046,0.05070467,32.19421515,9.85877176,2869.26823043873
289114,2,Reynolds Ranch,,Natural,3,gps,2000,existing,County,NA,County,Yes,Yes,Yes,Yes,Do Not Show,,48.19679127,8357.23678288,8405.43357415,8383.51592776,630.79242746,3.88094998,11.95842637,7.66833096,628.801440950358
289115,2,Reynolds Ranch,,Natural,3,gps,2000,existing,County,NA,County,Yes,Yes,Yes,Yes,Do Not Show,,13.63057518,8298.48463572,8312.1152109,8303.88387326,448.93360612,1.23668097,11.56132957,6.24422741,447.769062978619
289116,2,Reynolds Ranch,,Natural,3,gps,2000,existing,County,NA,County,Yes,Yes,Yes,Yes,Do Not Show,,21.76427307,8608.55475503,8630.3190281,8616.99231776,552.35273128,0.85417512,6.31191935,3.945321,551.827555679059
289117,2,Reynolds Ranch,,Natural,3,gps,2000,existing,County,NA,County,Yes,Yes,Yes,Yes,Do Not Show,,31.86124288,8608.0365963,8639.89783918,8627.93887813,777.37554011,0.14359077,9.79111366,5.23408399,775.970314547944
289118,2,Reynolds Ranch,,Natural,3,gps,2000,existing,County,NA,County,Yes,Yes,Yes,Yes,Do Not Show,,157.41355774,8451.14119729,8608.55475503,8533.23212586,1771.94178174,0.67534892,31.78693329,10.60042193,1757.94235182114
289119,2,Reynolds Ranch,,Natural,3,gps,2000,existing,County,NA,County,Yes,Yes,Yes,Yes,Do Not Show,,51.66889043,8389.59576321,8441.26465364,8415.27774151,827.3457235,2.13277573,29.73618351,10.71714057,820.203340711838
289120,2,Reynolds Ranch,,Natural,3,gps,2010,existing,County,NA,County,Yes,Yes,Yes,Yes,Do Not Show,,72.68519217,8607.13867053,8679.8238627,8641.11271804,1008.48055237,0.07002012,26.85115808,10.6772344,1000.23734304272
289121,2,Twin Lakes,Twin Lakes East Trail,Crusher Fines,8,gps,2007,existing,County,County,County,Yes,Yes,Yes,Yes,,,0.30535221,5171.62679462,5171.93214683,5171.88674291,313.13763859,0,0.62926908,0.09751502,313.136915821977
289122,2,Twin Lakes,Twin Lakes East Trail,Crusher Fines,9,gps,2002,existing,County,County,County,Yes,Yes,Yes,Yes,,,0.4804462,5172.36385675,5172.84430295,5172.59569158,94.00250183,0.33290337,0.5957865,0.51110688,94.0012194543831
289123,2,Twin Lakes,Twin Lakes West Trail,Crusher Fines,9,gps,2002,existing,County,County,County,Yes,Yes,Yes,Yes,Dogs allowed off-leash,,0.28471114,5172.84430295,5173.12901409,5172.93886585,61.55686916,0.1956713,0.79917122,0.54318674,61.5557001689099
289124,2,Twin Lakes,Twin Lakes Trails,Crusher Fines,9,gps,2002,existing,County,County,County,Yes,Yes,Yes,Yes,,,6.4040042,5171.70678897,5178.11079317,5175.45770534,582.40399674,0.12655261,2.70902196,1.09971279,582.358560505132
289125,2,Twin Lakes,Twin Lakes West Trail,Crusher Fines,9,gps,2002,existing,County,County,County,Yes,Yes,Yes,Yes,,,0.03880253,5172.76969611,5172.80849864,5172.78909737,27.66900993,0.14023836,0.14023836,0.14023836,27.6689827326749
289126,2,Twin Lakes,Twin Lakes West Trail,Crusher Fines,9,gps,2002,existing,County,County,County,Yes,Yes,Yes,Yes,,,0.22164997,5172.5898168,5172.81146677,5172.69766051,35.03098311,0.59869456,0.66678187,0.63273829,35.0302798489891
289127,2,Walden Ponds,Heatherwood-Walden Link Trail,Crusher Fines,10,dig,2006,existing,Boulder,County,County,Yes,Yes,Yes,Yes,,,10.42421828,5109.49770352,5119.9219218,5113.36628903,1888.09238399,0.01687697,3.67523117,0.68213255,1888.01687589238
289128,2,Walden Ponds,Heatherwood-Walden Link Trail,Concrete,10,dig,2006,existing,County,County,County,Yes,Yes,Yes,Yes,,,0.3310723,5109.42495928,5109.75603158,5109.6207935,254.11189327,0.01455152,0.97861109,0.31988912,254.109631560142
289129,2,Walden Ponds,Walden Ponds Trail,Natural,8,gps,2000,existing,County,County,County,Yes,Yes,Yes,Yes,,,2.19744324,5123.23550241,5125.43294565,5124.31145474,1727.75177223,0,1.04425859,0.28016113,1727.73833306029
289130,2,Walker Ranch,Eldorado Canyon Trail,Natural,3,gps,2000,existing,County,County,County,Yes,Yes,Yes,Yes,,,115.72502022,6450.92718651,6566.65220673,6511.32695861,738.81234661,2.53381459,40.62357614,17.74081696,723.843191623085
289131,2,Walker Ranch,Meyers Homestead Trail,Natural,4,gps,2000,existing,County,County,County,Yes,Yes,Yes,Yes,,,748.4545757,7267.28698216,8015.74155786,7557.17813994,13823.31249066,0.04452316,24.1648886,7.21294656,13769.9518304904
289132,2,Walker Ranch,Walker Ranch Loop,Natural,3,gps,1999,existing,County,County,County,Yes,Yes,Yes,Yes,S Boulder Creek Tr - 2.7 mi,,547.35649957,6680.88764919,7228.24414876,6903.22725525,7902.5329482,0.02586233,38.64019554,9.96448328,7845.41580502991
289133,2,Walker Ranch,Walker Ranch Loop,Natural,4,gps,2000,existing,County,County,County,Yes,Yes,Yes,Yes,S Boulder Creek Tr - 2.7 mi,,423.52974526,6742.44444799,7165.97419325,6986.74884242,3607.93977289,0.15549005,39.07873385,12.66562405,3566.10866115015
289134,2,Niwot,Cougar Trail,Crusher Fines,8,gps,2012,existing,Private,County,County,Yes,Yes,Yes,Yes,St Vrain School District Owns,Niwot,2.10986429,5140.47451329,5142.58437758,5141.73502048,430.35997396,0.00881485,3.50925197,1.0357313,430.322120353011
289135,2,Niwot,Cougar Trail,Concrete,8,gps,2012,existing,Private,County,County,Yes,Yes,Yes,Yes,St Vrain School District Owns,Niwot,2.15933903,5139.87548527,5142.0348243,5140.780186,648.41359967,0.01204642,3.2034946,0.97212755,648.367575057087
289136,2,Niwot,Overbrook Trail,Crusher Fines,8,gps,2012,existing,Private,County,County,Yes,Yes,Yes,Yes,,Niwot,12.37529212,5030.21385155,5042.58914367,5036.44346094,1339.46160144,0.01927358,8.36076824,1.6170599,1339.17298685301
289137,2,Niwot,Overbrook Trail,Crusher Fines,8,gps,2012,existing,Private,County,County,Yes,Yes,Yes,Yes,Niwot Sanitation District district owns,Niwot,82.14648099,5033.79204131,5115.9385223,5068.43661682,1186.68419152,1.92890915,12.70483411,6.94569386,1183.47961778353
289138,5,Ruth Roberts,Ruth Roberts Connector Trail,Crusher Fines,8,gps,2012,existing,County,County,County,Yes,Yes,Yes,Yes,,CCRC,125.96965046,5231.89508199,5357.86473245,5279.92112002,4539.82527063,0.13725694,12.83423237,4.30673356,4533.36222443649
289139,2,Bald Mountain,Pines to Peaks Trail,Natural,3,gps,2000,existing,County,County,County,Yes,Yes,Yes,Yes,,,22.73888366,6939.14358702,6961.88247068,6944.53791405,300.25237185,1.09167988,20.53008235,8.84295046,298.383529912643
289140,2,Bald Mountain,Pines to Peaks Trail,Natural,3,gps,2000,existing,County,County,County,Yes,Yes,Yes,Yes,,,18.17595877,7066.79822555,7084.97418432,7076.96971308,64.95895403,20.27353891,36.68585903,29.34503016,62.2171420038161
289141,2,Bald Mountain,Pines to Peaks Trail,Natural,3,gps,2000,existing,County,County,County,Yes,Yes,Yes,Yes,,,144.24972554,7006.08634506,7150.3360706,7073.77260469,4327.32590536,0.07260359,31.65230325,9.36054,4298.08436461075
289142,2,Walden Ponds,Heatherwood-Walden Link Trail,Crusher Fines,10,dig,2006,existing,Boulder,County,County,Yes,Yes,Yes,Yes,,,2.49295226,5124.96380571,5127.45675797,5126.88609057,978.65731406,0.00027395,1.75336167,0.49060321,978.627890159259
289143,2,Walden Ponds,Heatherwood-Walden Link Trail,Crusher Fines,8,gps,2012,existing,Boulder,County,County,Yes,Yes,Yes,Yes,,,5.26138075,5119.9219218,5125.18330255,5121.92244521,723.23463745,0.19842155,1.54982127,0.72751166,723.211299897339
289144,2,,Imel Connector Trail,,,,,proposed,,,,Yes,,,,alignment in management plan,,80.03583428,5091.10115894,5171.13699322,5129.77202859,6716.23666094,0.00028724,17.90301479,2.1502925,6712.14411487211
289145,2,Twin Lakes,Twin Lakes Trails,Crusher Fines,9,gps,2002,existing,County,County,County,Yes,Yes,Yes,Yes,,,1.00776343,5173.10771944,5174.11548287,5173.53984473,134.87125482,0.31912917,1.24013755,0.7472333,134.866981402191
289146,2,Twin Lakes,Twin Lakes Trails,Crusher Fines,9,gps,2002,existing,County,County,County,Yes,Yes,Yes,Yes,,,0.25076608,5174.11548287,5174.36624895,5174.23762518,47.51623245,0.50092438,0.55550407,0.52775566,47.5155689763089
289147,2,Twin Lakes,Twin Lakes Trails,Crusher Fines,9,gps,2002,existing,County,County,County,Yes,Yes,Yes,Yes,,,0.57704051,5174.11548287,5174.69252338,5174.39269128,78.51577294,0.45153356,1.09560564,0.73496336,78.5133817060592
289148,2,Pella Crossing,Braly Trails,Crusher Fines,8,dig,2007,existing,County,County,County,Yes,Yes,Yes,Yes,,,0.5747999,5069.73696428,5070.31176418,5070.05388529,75.42602658,0.19195444,1.99598379,1.47348106,75.4168202998992
289149,2,Pella Crossing,Braly Trails,Crusher Fines,10,gps,2000,existing,County,County,County,Yes,Yes,Yes,Yes,,,0.73148662,5069.71975938,5070.451246,5070.18066868,37.25921438,0.94140955,2.98602612,1.96392296,37.2500875515085
289150,5,LoBo Trail,LoBo Trail,Crusher Fines,8,,,existing,County,County,County,Yes,Yes,Yes,Yes,,LOBO,1.92230805,5062.6694054,5064.59171345,5063.80290429,1616.88985074,0.00013471,0.82126753,0.34453764,1616.8757273074
289151,5,Twin Lakes,Twin Lakes Trails,Concrete,9,gps,2002,existing,County,County,County,Yes,Yes,Yes,Yes,,LOBO,0.16099701,5178.63441315,5178.79541016,5178.76481747,100.73833051,0,0.59150156,0.159819,100.737974489071
289152,5,Gunbarrel Estates,Cottontail Trail,Concrete,10,dig,0,existing,County,County,County,Yes,Yes,Yes,Yes,Designated Foot Single Track,LOBO,9.10682004,5152.74720532,5161.85402536,5154.42368845,2439.3790563,0.01266161,4.37608113,0.6813307,2439.23514424665
289153,5,Coalton Trailhead,Meadowlark Trail,Crusher Fines,8,gps,2010,existing,County,County,County,Yes,Yes,Yes,Yes,,,5.9519313,5544.07131137,5550.02324267,5548.82690229,373.54692644,0.01598422,5.13042062,1.76147501,373.428317187517
289154,5,Niwot,Niwot Trails,Concrete,12,gps,2000,existing,County,County,County,Yes,Yes,Yes,Yes,,LOBO,0.73310271,5070.52783203,5071.26093474,5070.59126606,203.5683573,0,2.11317144,0.36245734,203.560747249539
289155,5,Niwot,Niwot Trails,Crusher Fines,8,gps,2000,existing,County,County,County,Yes,Yes,Yes,Yes,,LOBO,10.30412317,5070.52783203,5080.8319552,5073.04822545,2456.68035595,0,5.73742292,1.07771191,2456.28632178604
289156,5,Niwot,Niwot Trails,Crusher Fines,10,gps,2000,existing,County,County,County,Yes,Yes,Yes,Yes,,LOBO,1.14003071,5079.68845788,5080.82848859,5080.09605024,141.84044549,0.34491709,1.50195348,0.93549613,141.833442089998
289157,5,Niwot,Niwot Trails,Crusher Fines,10,gps,2000,existing,County,County,County,Yes,Yes,Yes,Yes,,LOBO,11.40004399,5081.47865773,5092.87870172,5088.4817212,3976.23251455,0,4.05405851,0.61818898,3975.99773275051
289158,5,Imel,Imel/NW Parkway,Concrete,10,dig,2012,existing,County,County,County,Yes,Yes,Yes,Yes,,CCRC,5.17911508,5202.18176208,5207.36087716,5205.25626884,844.57278528,0.00863191,3.51250613,0.89408843,844.517358161458
289159,5,Pella Crossing,Braly Trails,Crusher Fines,10,gps,2000,existing,County,County,County,Yes,Yes,Yes,Yes,,St Vrain,22.35947177,5057.07666016,5079.43613193,5064.62352443,2955.31856681,0,6.26100864,0.98729081,2954.94216765202
289160,5,Pella Crossing,Marlatt Trails,Crusher Fines,10,gps,2004,existing,County,County,County,Yes,Yes,Yes,Yes,,St Vrain,13.77603415,5079.41595773,5093.19199188,5087.39281473,2677.63608896,0,4.5091611,0.56238259,2677.47645693224
289161,5,LoBo Trail,LoBo Trail,Crusher Fines,8,cad,2012,existing,County,County,County,Yes,Yes,Yes,Yes,Transportation Regional Trail,LOBO,71.81136374,4993.46582651,5065.27719025,5030.62527179,12959.48124079,0,8.2149861,0.6647246,12958.7502029497
289162,5,CHP/RCF,Cradleboard Trail,Crusher Fines,6,gps,2001,existing,County,County,County,Yes,Yes,Yes,Yes,,CCRC,61.064308,5264.64134283,5325.70565083,5286.04660996,7002.64131221,0,7.84514749,1.03070276,7001.87975652863
289163,5,CHP/RCF,Lac Amora Link Trail,Crusher Fines,6,gps,2001,existing,County,County,County,Yes,Yes,Yes,Yes,,CCRC,43.20701642,5285.68847361,5328.89549003,5306.18459402,1003.59917982,1.32716273,10.85756302,4.59474875,1002.28411166376
289164,5,CHP/RCF,Mary Miller Trail,Crusher Fines,6,gps,2000,existing,County,County,County,Yes,Yes,Yes,Yes,,CCRC,19.30278513,5260.35177534,5279.65456047,5271.58155318,2723.65818097,0.02230155,7.08646705,0.94037357,2723.36521767859
289165,5,CHP/RCF,Mary Miller Trail,Crusher Fines,6,gps,2000,existing,County,County,County,Yes,Yes,Yes,Yes,,CCRC,53.29202695,5229.2339109,5282.52593785,5262.00650541,4784.46253388,0.00259923,7.8346242,1.30709651,4783.57641311738
289166,5,CHP/RCF,Mary Miller Trail,Crusher Fines,6,gps,2001,existing,County,County,County,Yes,Yes,Yes,Yes,,CCRC,20.58105963,5261.4706271,5282.05168673,5272.28805229,578.58895708,0.24335614,10.09883736,3.56263037,578.074650132344
289167,5,Ruth Roberts,Ruth Roberts,Crusher Fines,7,dig,2012,existing,County,County,County,Yes,Yes,Yes,Yes,,CCRC,32.00171077,5206.53033654,5238.53204731,5228.76814869,2420.66191169,0.04446176,18.25131429,3.02896516,2418.15843640734
289168,5,Twin Lakes,Twin Lakes Trails,Crusher Fines,9,gps,2002,existing,County,County,County,Yes,Yes,Yes,Yes,,LOBO,12.12295845,5166.6446322,5178.76759065,5173.69916336,3843.91723626,0,1.73803181,0.44234974,3843.85310283665
289169,5,Ruth Roberts,Ruth Roberts,Concrete,7,dig,2012,existing,ROW,County,County,Yes,Yes,Yes,Yes,,CCRC,9.2445467,5219.9893642,5229.2339109,5223.95461996,457.24128341,0.20686237,9.69158407,3.23625191,456.839415577863
289170,5,Ruth Roberts,Ruth Roberts,Crusher Fines,7,dig,2012,existing,ROW,County,County,Yes,Yes,Yes,Yes,,CCRC,9.2905629,5223.67188527,5232.96244817,5230.79637979,561.56257495,0.00189678,14.56795612,3.78390477,560.749763863144
289171,5,Twin Lakes,Willows Trail,Crusher Fines,6,dig,2007,existing,County,County,County,Yes,Yes,Yes,Yes,,LOBO,13.402331,5189.56750092,5202.96983192,5196.1645527,1087.76378394,0.00754589,3.58340199,1.24380373,1087.63290757433
289172,5,Twin Lakes,Willows Trail,Crusher Fines,9,gps,2002,existing,County,County,County,Yes,Yes,Yes,Yes,,LOBO,0.95742152,5179.07398329,5180.03140481,5179.29112278,754.1433734,0,0.94599749,0.2145125,754.13918672291
289173,5,LoBo Trail,LoBo Trail,Concrete,8,dig,,existing,County,County,County,Yes,Yes,Yes,Yes,Transportation Department responsible for maintenance,LOBO,16.06483149,5060.76393823,5076.82876972,5066.88367709,1226.34523167,0.08158403,8.85091873,2.02395462,1225.91678033407
289174,5,Coal Creek,Coal Creek Trail,Crusher Fines,8,gps,2013,existing,Boulder County,County,County,Yes,Yes,Yes,Yes,,CCRC,0.90923052,5128.11792639,5129.02715691,5128.6934831,76.6194096,0.29758329,2.92419387,1.18692122,76.6112574820367
289175,5,Flagg Park,Coal Creek Trail,Road Base,8,gps,2013,existing,County,County,County,Yes,Yes,Yes,Yes,,CCRC,19.90835524,5100.11138501,5120.01974025,5111.19456087,487.55446008,0.17615555,34.01812917,7.47939162,484.654138169184
289176,2,Twin Lakes,Twin Lakes Trails,Crusher Fines,7,dig,2013,existing,County,County,County,Yes,Yes,Yes,Yes,,,1.31489576,5175.28549691,5176.60039267,5176.14434124,364.03022945,0.10256891,0.9729515,0.45536895,364.024987467478
289177,5,Twin Lakes,Willows Trail,Crusher Fines,9,gps,2002,existing,County,County,County,Yes,Yes,Yes,Yes,,LOBO,9.35700698,5180.32803079,5189.68503777,5185.61105222,745.55508466,0.10201376,3.6591603,1.25532335,745.466289071645
289178,2,Walker Ranch,Walker Ranch Link,Natural,3,gps,2007,existing,County,County,County,Yes,Yes,Yes,Yes,,,162.19217492,7190.72234604,7352.91452096,7248.58779232,5653.72781696,1.494e-05,37.19167298,6.40821616,5634.90426613464
289179,2,Betasso Preserve,Fourmile Link Trail,Natural,3,gps,2012,existing,County,County,County,Yes,Yes,No,Yes,,,176.18800574,6130.32891066,6306.5169164,6224.5769905,3135.9844151,0.27947294,60.38429025,16.00553989,3079.29507767753
289180,2,Betasso Preserve,Fourmile Link Trail,Natural,3,gps,2012,existing,Private,County,County,Yes,Yes,No,Yes,,,130.17732641,6133.06592595,6263.24325236,6206.49400708,1029.81830234,0.54798862,90.89239553,27.49331353,979.581161056418
289181,2,Betasso Preserve,Fourmile Link Trail,Natural,3,gps,2012,existing,BLM,County,County,Yes,Yes,No,Yes,BLM ROW Easement,,27.69013415,6132.43905163,6160.12918578,6145.43099821,541.47357626,0.41632612,60.37538363,17.36409023,529.146016290392
289182,2,Betasso Preserve,Loop Link,Natural,3,gps,2010,existing,County,County,County,Yes,Yes,Yes,Yes,Bikes prohibited Wed & Sat,,121.1296643,6222.392956,6343.5226203,6277.33926703,4008.72997279,0.03396326,51.94534656,15.94378554,3938.89207660533
289183,1,Betasso Preserve,Blanchard Trail,Road Base,4,gps,2012,existing,County,County,County,Yes,No,No,Yes,,,106.41129941,6428.09549962,6534.50679903,6473.09565019,973.208436,0.07600295,25.9245871,11.70544541,964.934746738432
289184,1,Betasso Preserve,Bummers Rock Trail,Natural,3,gps,2002,existing,County,County,County,Yes,No,Yes,Yes,,,133.92714355,6510.24429145,6644.171435,6568.83136434,1131.74393172,0.28915604,21.75898609,12.27869138,1121.64577721484
289185,2,Betasso Preserve,Bummers Rock Connector,Road Base,4,gps,2012,existing,County,County,County,Yes,Yes,Yes,Yes,,,45.88857945,6516.4345208,6562.32310025,6534.84743705,750.41459661,0.0414085,12.71028207,6.16317331,748.360562929905
289186,2,Heil Valley Ranch,Picture Rock Trail,Natural,3,gps,2008,existing,County,County,County,Yes,Yes,Yes,No,,,982.62504059,5394.37966841,6377.004709,5864.14128953,27552.97726099,0.00511011,46.07950527,6.78429273,27444.1913140924
289187,2,Heil Valley Ranch,Wild Turkey Trail,Natural,4,gps,2007,existing,County,County,County,Yes,Yes,Yes,No,,,294.18789206,6369.02969222,6663.21758428,6509.14521551,15623.66710871,0.00013924,29.16711443,5.31640181,15587.4394722103
289188,2,Heil Valley Ranch,Wapiti Trail,Natural,3,gps,2002,existing,County,County,County,Yes,Yes,Yes,No,,,822.25979433,5887.95931644,6710.21911077,6324.52537874,13865.51335299,0.00361361,28.19373782,6.78872469,13817.1663846856
289189,1,Heil Valley Ranch,Lichen Loop,Natural,3,gps,2002,existing,County,County,County,Yes,No,No,No,,,144.25327162,5937.54424954,6081.79752116,6004.02740836,1907.99803593,0.02300344,28.32601186,8.8645583,1897.74472928052
289190,3,Heil Valley Ranch,,Natural,3,dig,2013,existing,County,County,County,Yes,No,No,No,,,9.02916734,5886.02259809,5895.05176543,5888.30183402,108.63844528,0.88933711,21.8651254,10.2292086,107.800831487664
289191,2,Fairgrounds Lake,Cattail Pond Trail,Crusher Fines,7,dig,2013,existing,County,County,County,Yes,Yes,Yes,Yes,,,3.79813919,4976.76562243,4980.56376162,4978.596844,159.55345345,2.10709144,2.70812461,2.3811698,159.507919583475
289192,2,Ag Heritage Center,McIntosh Connector,Crusher Fines,10,gps,2007,existing,County,Longmont,Longmont,Yes,Yes,No,Yes,,,1.78080491,5086.77464811,5088.55545302,5087.66618651,91.14683141,1.84115374,1.99764518,1.95414982,91.1294204137689
289193,2,Ag Heritage Center,McIntosh Connector,Crusher Fines,10,gps,2007,existing,County,County,County,Yes,Yes,No,Yes,continues,,19.70714467,5088.55545302,5108.26259769,5096.86988308,779.00933544,0.22969282,3.86678125,2.5308177,778.733523000583
289194,2,Ag Heritage Center,McIntosh Lake Trail,Crusher Fines,10,gps,2007,existing,County,Longmont,Longmont,Yes,Yes,No,Yes,,,9.02002836,5078.36589657,5087.38592493,5084.68812452,3482.11680049,0.00075233,3.6518349,0.62943746,3481.97970960614
289195,2,Coal Creek,Anthem Connection,Crusher Fines,8,dig,2013,existing,County,County,County,Yes,Yes,Yes,Yes,,,21.81873592,5151.3144284,5173.13316432,5164.38059813,997.83942689,0.08372625,5.00324731,2.50203423,997.476082436654
289196,2,Niwot,Overbrook Trail,Crusher Fines,8,gps,2012,existing,County,County,County,Yes,Yes,Yes,Yes,,Niwot,28.85024268,5036.40298237,5065.25322505,5049.15619738,4180.04433495,0.00319626,30.57313384,1.99911288,4177.54587152272
289197,2,,,,,gps,2012,proposed,,,,,,,,,,62.04833335,5139.39462634,5201.44295969,5174.28924694,4943.30174709,0.01953044,12.9080578,3.50929702,4938.36034867005
289198,2,,,,,gps,2012,proposed,,,,,,,,,,154.18406017,5185.49985793,5339.6839181,5255.89817684,6005.53781316,6.938e-05,21.97055088,3.63450076,5998.01902531325
289199,5,Coal Creek,Coal Creek Trail,Crusher Fines,8,gps,2013,existing,Boulder County,County,County,Yes,Yes,Yes,Yes,,CCRC,17.71903348,5113.55076092,5131.2697944,5122.18092193,1047.4643027,0.06250041,5.15577482,2.13435239,1047.15659199468
289200,2,Bald Mountain,Pines to Peaks Trail,Natural,3,gps,2000,existing,County,County,County,Yes,Yes,Yes,Yes,,,58.32872378,6948.68958959,7007.01831337,6970.57837642,742.88034896,0.63348794,26.83075943,7.93543295,739.163970374865
289201,2,Walden Ponds,Walden Ponds Trail,Crusher Fines,8,dig,2014,existing,County,County,County,Yes,Yes,Yes,Yes,,,6.7004486,5124.66876514,5131.36921374,5127.81329312,1320.20155295,0,2.46944098,0.53343513,1320.15834571706
289202,1,Caribou Ranch,Blue Bird Loop,Natural,3,gps,2004,existing,County,County,County,Yes,No,Yes,No,,,135.09257764,8524.15229682,8659.24487446,8576.73187786,4522.92485629,0.01817712,26.93635807,5.47874374,4512.4534716196
289203,2,Betasso Preserve,Benjamin Loop,Natural,3,gps,2010,existing,County,County,County,Yes,Yes,Yes,Yes,Bikes prohibited Wed & Sat,,291.01054833,6270.22957531,6561.24012364,6396.295256,12870.66575203,0.03378174,78.99463946,14.92405045,12658.4494799479
289204,2,Heil Valley Ranch,Ponderosa Loop,Natural,3,gps,2002,existing,County,County,County,Yes,Yes,Yes,No,,,205.52833547,6599.07643723,6804.6047727,6686.47304954,13966.52669059,0.07080459,23.24062741,4.46819455,13945.0980494537
289205,2,Mud Lake,Kinnickinnick Loop,Natural,3,gps,2004,existing,County,County,County,Yes,Yes,Yes,Yes,,,121.30567224,8444.56182445,8565.86749669,8514.25482283,6305.68968317,0.03120707,27.8870892,5.97772028,6288.32449705127
289206,2,Mud Lake,Tungsten Loop,Natural,3,gps,2004,existing,County,County,County,Yes,Yes,Yes,Yes,,,69.36548147,8366.04403019,8435.40951166,8393.62611111,4192.24614395,0.02233785,14.25069225,4.87803819,4184.89821806072
289207,2,Pella Crossing,Braly Trails,Crusher Fines,10,gps,2000,existing,County,County,County,Yes,Yes,Yes,Yes,,,0.25247314,5070.273396,5070.52586914,5070.41220406,123.52690266,0.07806006,0.97999233,0.30492295,123.525710960125
289208,2,Pella Crossing,Braly Trails,Crusher Fines,10,gps,2000,existing,County,County,County,Yes,Yes,Yes,Yes,,,0.76368993,5070.451246,5071.21493593,5070.94826203,129.27499525,0.16400589,1.05186093,0.59076888,129.272015552709
289209,2,Rabbit Mountain,Eagle Wind Trail,Natural,3,gps,1999,existing,County,County,County,Yes,Yes,Yes,Yes,,,106.32182636,5691.94623088,5798.26805724,5742.84962493,2641.65889631,0.18512051,15.21574183,5.25556493,2636.31246919773
289210,2,Rabbit Mountain,Little Thompson Overlook,Natural,3,gps,1999,existing,County,County,County,Yes,Yes,Yes,Yes,,,353.94754325,5507.54108732,5861.48863057,5733.10349985,7758.36659861,0.00298711,27.42859514,7.69534357,7724.82154019623
289211,2,Twin Lakes,Twin Lakes East Trail,Crusher Fines,9,gps,2002,existing,County,County,County,Yes,Yes,Yes,Yes,,,5.66211381,5166.70174294,5172.36385675,5170.43331992,3290.93802334,0,5.04004179,0.50325469,3290.80850442709
289212,2,Twin Lakes,Twin Lakes West Trail,Crusher Fines,9,gps,2002,existing,County,County,County,Yes,Yes,Yes,Yes,Dogs allowed off-leash,,7.42715669,5171.90576172,5179.33291841,5175.03665694,3409.16550575,0,1.64653859,0.44125368,3409.10936557996
289213,2,Walden Ponds,Walden Ponds Trail,Crusher Fines,8,gps,2000,existing,County,County,County,Yes,Yes,Yes,Yes,,,8.22438438,5124.04655241,5132.27093679,5127.77094828,3610.64342999,0.00217541,3.51708087,0.37563186,3610.56669698176
289214,5,Gunbarrel Estates,Cottontail Trail,Concrete,8,dig,0,existing,County,County,County,Yes,Yes,Yes,Yes,Designated Foot Single Track,LOBO,6.22697126,5151.517776,5157.74474726,5154.41529719,1798.89508111,0.00540882,1.92865084,0.57510442,1798.84520647575
289215,5,Niwot,Niwot Trails,Concrete,12,gps,2000,existing,Private,County,County,Yes,Yes,Yes,Yes,Transportation Department responsible for maintenance,LOBO,15.05359569,5061.98377023,5077.03736592,5070.60523744,902.61686319,0.11342464,17.9397203,2.79885922,901.706923436107
289216,5,Twin Lakes,Willows Trail,Concrete,9,gps,2002,existing,County,County,County,Yes,Yes,Yes,Yes,,LOBO,0.27857313,5178.79541016,5179.07398329,5178.82589825,298.53943309,0,0.53536945,0.09331296,298.538837551134
289217,2,Rabbit Mountain,Indian Mesa Trail,Road Base,14,gps,1999,existing,County,County,County,Yes,Yes,Yes,Yes,,,212.63484625,5489.04515074,5701.67999699,5620.09128983,2745.32762516,0.5198814,19.81614366,8.4183976,2732.85391030874
289218,2,Rabbit Mountain,Indian Mesa Trail,Road Base,4,dig,2014,existing,County,County,County,Yes,Yes,Yes,Yes,,,24.08436064,5489.04515074,5513.12951138,5498.03927064,446.49220457,0.27607069,11.38594277,5.41459359,445.514421272634
289219,1,Heil Valley Ranch,Lichen Loop,Natural,3,gps,2000,existing,County,County,County,Yes,No,No,No,,,237.00440261,5895.05176543,6132.05616804,6037.95237604,4121.21301135,0.07658893,23.29968788,7.50332025,4104.86943276352
289220,3,Heil Valley Ranch,,Natural,3,gps,2000,existing,County,County,County,Yes,No,No,No,,,42.10007419,6038.31520895,6080.41528314,6050.5989657,448.83909397,0.43803334,23.02669613,11.74583066,444.810977215451
289221,2,Hall Ranch,Bitterbrush Trail,Natural,3,gps,1999,existing,County,County,County,Yes,Yes,Yes,No,,,376.118122,6020.24649084,6396.36461284,6205.47510076,7294.3108929,0.01139203,38.93451306,8.52454715,7252.30237488793
289222,2,Hall Ranch,Bitterbrush Trail,Natural,3,gps,1999,old route,County,County,County,Yes,Yes,Yes,No,old route,,70.20091691,6061.92287976,6132.12379667,6107.82727588,1510.42707646,0.05159653,31.68657341,6.83182969,1504.23958369407
289223,2,Hall Ranch,Antelope Trail,Natural,3,gps,2015,existing,County,County,County,Yes,Yes,Yes,No,,,3.39788697,6061.11008986,6064.50797683,6062.50304256,120.58808593,0.30131586,8.57263979,3.50043174,120.454218352567
289224,,Walden Ponds,,,8,gps,2000,old route,County,,,Yes,Yes,Yes,Yes,,,6.7004486,5124.66876514,5131.36921374,5127.1611198,1411.20021991,0,3.74752253,0.4951178,1411.14416116921
289225,2,Hall Ranch,Bitterbrush Trail,Natural,2,gps,2014,existing,County,County,County,Yes,Yes,Yes,No,rerouted in 2014.  first reroute as seen in aerial did not work.,,55.14478678,6064.50797683,6119.65276361,6093.91576486,1486.56990764,0.01331774,13.72014299,4.47134679,1484.45509404009
289226,2,Hall Ranch,Bitterbrush Trail,Natural,3,gps,1999,existing,County,County,County,Yes,Yes,Yes,No,,,651.36718848,5481.63149132,6132.9986798,5759.17784462,10639.84212685,0.01977426,39.59760404,8.6728896,10578.6385381492
289227,2,Hall Ranch,Antelope Trail,Natural,3,gps,2002,existing,County,County,County,Yes,Yes,Yes,No,,,458.34630708,5603.57657268,6061.92287976,5830.77010697,4830.37393837,0.06739642,37.31030948,10.92507843,4822.24674255199
289228,2,Coalton Trailhead,Coalton Trail,Road Base,10,cad,0,existing,County,County,County,Yes,Yes,Yes,Yes,Boulder controls trailhead,,207.64616495,5742.23079256,5949.87695751,5860.40137401,9965.27322514,0.05009094,11.11694056,2.2719026,9960.51085339897
289229,2,Coalton Trailhead,Coalton Trail,Road Base,10,cad,0,existing,County,County,County,Yes,Yes,Yes,Yes,Boulder controls trailhead,,208.74933187,5533.48146069,5742.23079256,5609.23053608,5158.56720626,0.00086882,13.30134066,4.19644447,5152.02530632343
289230,2,Walker Ranch,Walker Ranch Loop,Natural,3,gps,1999,old route,County,County,County,Yes,Yes,Yes,Yes,Columbine Gulch - 1.75 mi,,30.24497817,6755.43243397,6785.67741214,6767.9928592,883.1185643,0.12183577,20.5471702,6.52008014,879.800515411522
289231,2,Walker Ranch,Walker Ranch Access Road,Natural,10,gps,2000,existing,County,County,County,Yes,Yes,Yes,Yes,El Dorado Tr - 1.2 mi,,285.73899244,6641.02076667,6926.75975911,6749.34068839,4683.74066549,0.12937949,32.0750595,11.262958,4644.24223577201
289232,2,Walker Ranch,Walker Ranch Loop,Natural,3,gps,2000,existing,County,County,County,Yes,Yes,Yes,Yes,El Dorado Tr - 1.2 mi,,192.21969591,6450.92718651,6643.14688242,6536.14744508,1294.66262941,0.06633086,44.51655616,16.32528808,1271.60872500172
289233,2,Walker Ranch,Walker Ranch Loop,Natural,3,gps,1999,existing,County,County,County,Yes,Yes,Yes,Yes,Columbine Gulch - 1.75 mi,,527.07195513,6785.67741214,7312.74936727,7156.51408429,7705.80289927,0.06681723,58.24244452,12.35889851,7615.13611440317
289234,3,Walker Ranch,,Natural,0,gps,1999,existing,County,County,County,Yes,Yes,Yes,Yes,,,12.88337199,6923.94166331,6936.8250353,6929.7931035,482.40706941,0.47527827,9.64810355,4.394694,481.766427788418
289235,2,Betasso Preserve,Betasso Link Trail,Natural,3,gps,2002,existing,County,County,County,Yes,Yes,Yes,Yes,Bikes prohibited Wed & Sat,,3.8595988,6466.30043051,6470.16002931,6468.17413244,71.01470945,5.01273466,6.27426063,5.44311879,70.9091222320457
289236,2,Betasso Preserve,Betasso Link Trail,Natural,3,gps,2002,existing,County,County,County,Yes,Yes,Yes,Yes,Bikes prohibited Wed & Sat,,495.167862,5870.12492089,6365.29278289,6179.33291117,4961.73846018,0.12253003,48.39725281,14.79981607,4884.77396930617
289237,2,Betasso Preserve,Betasso Link Trail,Natural,3,dig,2015,existing,County,County,County,Yes,Yes,Yes,Yes,Bikes prohibited Wed & Sat,,126.31710446,6348.91545068,6475.23255514,6418.7206899,1902.37558818,0.15471822,21.76891323,8.28238794,1893.01682276829
289238,2,Betasso Preserve,Canyon Loop Trail,Natural,3,gps,2002,existing,County,County,County,Yes,Yes,Yes,Yes,Bikes prohibited Wed & Sat,,428.81905545,6166.19190764,6595.01096309,6380.7877946,17091.06114578,0.03633347,46.13527565,9.81857103,16963.3517509847
289239,2,Walker Ranch,Walker Ranch Loop,Natural,3,gps,2015,existing,County,County,County,Yes,Yes,Yes,Yes,,,178.77911104,6642.19764969,6820.97676073,6756.12097947,4812.98633154,0.07802347,46.87711754,11.77265193,4761.85310791241
289240,2,Walker Ranch,Walker Ranch Loop Access,Natural,3,gps,2015,existing,County,County,County,Yes,Yes,Yes,Yes,,,164.43223397,6767.71937183,6932.1516058,6858.86605144,3088.7319214,0.00057865,41.17135303,9.78385135,3064.10151207062
289241,3,Lagerman Reservoir,,,,,,proposed,,,,,,,,proposed?  Need to ask Al about this.,,0.19830946,5084.71102277,5084.90933223,5084.79817736,256.99636038,0.13783059,0.38128835,0.26186527,256.995415916377
289242,1,Heil Valley Ranch 2,Trail,,,cad,2016,proposed,,,,Yes,No,No,,Pedestrian,,94.28416369,5918.2533297,6012.53749339,5961.14144284,648.48731317,5.79402468,26.38317193,14.762924,640.649991628931
289243,1,Heil Valley Ranch 2,Eastside Trail,,,cad,2016,proposed,,,,Yes,No,Yes,,Pedestrian-Equestrian,,18.70355382,5710.72234926,5729.42590308,5725.0925128,444.17294641,0.25124971,12.74618117,4.90952877,443.145061814642
289244,2,Harney Lastoka,Harney Lastoka Trail,Crusher Fines,8,dig,2012,existing,IGA,Louisville,County,Yes,Yes,No,Yes,,,30.34983098,5294.70444007,5325.05427105,5312.1959053,2166.28044324,0.04953144,3.16456892,1.41362477,2166.00244375296
289245,2,Harney Lastoka,Harney Lastoka Trail,Crusher Fines,8,dig,2012,existing,IGA,Lafayette,County,Yes,Yes,No,Yes,,,22.85494929,5272.52598151,5295.3809308,5286.17714412,2815.65701428,0.00297284,2.14263867,0.99429657,2815.49139427978
289246,2,Scriffiny,US 36 Bikeway,Concrete,10,dig,2017,existing,County,County,Unknown,Yes,Yes,No,Yes,Transportation pays for maintenance.,,74.51233187,5450.12060547,5524.63293734,5500.64173452,2414.55925699,0,12.6080059,4.31676569,2410.88661782055
289247,2,Hall Ranch,Bitterbrush Trail,,,,,old route,,,,,,,,,,28.13764396,6080.06530859,6108.20295255,6094.38044099,1380.25550605,0.04091467,22.03261191,4.69286265,1377.78971281303
289248,2,Walker Ranch,Walker Ranch Loop Bypass,Natural,3,gps,2000,existing,County,County,County,Yes,Yes,Yes,Yes,technical area bypass,,61.86937266,6688.31141164,6750.1807843,6726.39394185,902.48820287,0.27595405,35.26005506,11.64789949,893.17191072995
289249,2,Lagerman Ag Preserve,Open Sky Loop,Road Base,8,ext,2017,existing,County,County,County,Yes,Yes,Yes,Yes,crushed asphalt,,120.26833317,5053.84900873,5174.1173419,5116.80481965,29369.1429526,0,17.43726869,1.80209554,29360.1239481048
289250,2,Pella Crossing,Braly Trails,Crusher Fines,8,gps,2007,old route,County,County,County,Yes,Yes,Yes,Yes,,,3.38273533,5062.3103247,5065.69306003,5065.22416739,508.39829676,0.03844709,5.52252298,0.83996698,508.323825183762
289251,2,Pella Crossing,Braly Trails,Crusher Fines,8,ext,2017,existing,County,County,County,Yes,Yes,Yes,Yes,,,8.54300986,5057.15193498,5065.69494484,5063.22240992,1050.12628848,0.02113815,4.06719787,1.00795037,1050.0289967754
289252,2,Pella Crossing,Braly Trails,Crusher Fines,8,gps,2007,existing,County,County,County,Yes,Yes,Yes,Yes,,,4.06137267,5065.67572423,5069.7370969,5066.86168137,410.87830653,0.02621084,2.95484466,0.98868924,410.839459234164
289253,2,Pella Crossing,Braly Trails,Crusher Fines,10,gps,2000,existing,County,County,County,Yes,Yes,Yes,Yes,,,2.22109093,5054.93084405,5057.15193498,5056.67099914,1665.89791821,0,1.98929723,0.27813366,1665.87712155899
289254,2,Pella Crossing,Braly Trails,Crusher Fines,8,dig,2017,existing,County,County,County,Yes,Yes,Yes,Yes,,,0.60459061,5063.04155246,5063.64614307,5063.42528228,144.48489321,0.27225828,1.07856739,0.71239366,144.480749678274
289255,2,Pella Crossing,Braly Trails,Crusher Fines,10,gps,2000,existing,County,County,County,Yes,Yes,Yes,Yes,,,2.27090197,5062.72790293,5064.9988049,5063.2329836,305.90400336,0.07795445,3.06846442,0.84507268,305.881355838075
289256,2,Pella Crossing,Braly Trails,Crusher Fines,10,gps,2000,old route,County,County,County,Yes,Yes,Yes,Yes,,,5.93929713,5057.13981793,5063.07911506,5060.40890856,695.04332114,0.33038744,3.35495428,1.35129722,694.956287974826
289257,2,Heil Valley Ranch 2,Overland Trail,Natural,2,ext,2017,existing,County,County,County,Yes,Yes,Yes,No,Upper Loop East,,127.81626919,5759.83891511,5887.6551843,5821.04498491,5052.38743275,0.00802375,32.50343772,7.97289372,5027.26365655598
289258,2,Heil Valley Ranch 2,Overland Trail,Natural,2,ext,2017,existing,County,County,County,Yes,Yes,Yes,No,"Upper Loop Option A; mapped 3/20/2017",,0.60346324,5807.73670777,5808.34017101,5808.0105521,27.50045842,1.04184614,3.34516775,2.19509457,27.4930306958523
289259,3,Heil Valley Ranch 2,Overland Trail,Natural,2,dig,2017,existing,County,County,County,Yes,Yes,Yes,No,,,56.96538447,5699.06684511,5756.03222958,5726.94120635,564.96114411,8.55845275,12.17063052,10.13661992,562.047019095194
289260,3,Mayhoffer,Potential Neighborhood Connect,Crusher Fines,,dig,2017,proposed,County,NA,County,,,,,,,2.4693503,5543.69358179,5546.16293209,5545.23333392,321.77122588,0.25220372,2.24965236,1.34990064,323.199110221626
289261,2,Erin Arsenault,Coal Creek Neighborhood Connec,Crusher Fines,,dig,2017,proposed,County,IGA,County,,,,,Town of Superior will build/maintain.  Should open later this summer.,,33.53225316,5688.02923208,5721.56148524,5706.08091369,1295.42101545,1.16877707,4.10885785,2.58959927,1294.95252246835
289262,2,Heil Valley Ranch 2,Overland Trail,Natural,2,ext,2017,existing,County,County,County,Yes,Yes,Yes,No,"Upper Loop Option B; mapped 3/20/2017",,51.89974302,5755.83696475,5807.73670777,5779.20178943,1184.02081209,0.07325602,17.29197132,6.09700933,1180.83107035561
289263,2,Heil Valley Ranch 2,Overland Trail,Natural,2,ext,2017,existing,County,County,County,Yes,Yes,Yes,No,"Option A; mapped 4/27/2017",,34.81053833,5874.10855256,5908.91909089,5889.81645491,723.86700472,0.06464359,20.47233881,7.13330403,721.337529412768
289264,1,Heil Valley Ranch 2,,,,sm,2017,proposed,,,,,,,,,,2.44224546,5688.00264904,5690.4448945,5688.9648252,395.21569684,0.00927208,8.7860777,1.667699,395.109387820717
289265,1,Heil Valley Ranch 2,Loop Link,,,ext,2017,proposed,,,,,,,,,,9.42069982,5746.45661784,5755.87731766,5749.17887145,200.74603488,0.01734246,11.46696481,5.04670889,200.34559337383
289266,1,Heil Valley Ranch 2,Lower Loop,,,ext,2017,proposed,,,,,,,,,,49.39196513,5703.65137416,5753.04333929,5728.49202835,2254.31892237,0.01544944,14.54394694,4.53445886,2250.89186850955
289267,1,Heil Valley Ranch 2,Lower Loop Option A,,,ext,2017,proposed,,,,,,,,,,41.48343102,5719.18056389,5760.66399491,5749.02261243,1243.34501229,0.00706244,13.71976715,4.93887898,1241.03648216949
289268,1,Heil Ranch 2,,,,dig,2017,proposed,,,,,,,,,,258.65845305,5701.56674341,5960.22519646,5868.59431951,6800.92211533,0.03310668,24.78734116,5.74628248,6781.82708756869
289269,1,Heil Ranch 2,,,,dig,2017,proposed,,,,,,,,,,17.00782333,5690.26250133,5707.27032466,5697.95558571,159.73434457,8.22553482,13.7872548,10.71374656,158.800244124968
289270,2,Beech,Beech Pavilion Access Trail,Natural,18,,,existing,OSMP,County,,Yes,Yes,Yes,Yes,this is a road,,70.88095182,5389.5500572,5460.43100902,5419.75051865,1962.07456212,0.68266455,13.06565239,4.18533081,1959.74126150223
289271,2,Heil Valley Ranch 2,Overland Trail,Natural,2,ext,2017,existing,County,County,County,Yes,Yes,Yes,No,Upper Loop West,,130.78458114,5807.18708793,5937.97166907,5895.33914985,5774.32117272,0.03595691,46.42766019,8.3657559,5741.15053920932
289272,2,North Rim (LV),North Rim Trail,Natural,8,,2017,existing,County,County,County,Yes,Yes,Yes,Yes,North Rim (Lake Valley),,42.63732362,5255.84258711,5298.47991073,5282.70118836,766.34405305,2.52369028,14.11836405,5.58381063,764.732275171868
289273,2,North Rim (LV),North Rim Trail,Natural,8,,,existing,County,County,County,Yes,Yes,Yes,Yes,,,1.96335559,5308.32087677,5310.28423236,5309.31933146,46.13039162,4.11409461,4.40583459,4.25997365,46.0885425454121
289274,2,North Rim (LV),North Rim Trail,Boardwalk,8,,,existing,Left Hand Ditch Company,County,County,Yes,Yes,Yes,Yes,bridge,,1.59077577,5306.730101,5308.32087677,5307.51539967,35.7975584,4.33513664,4.56127903,4.44821351,35.7621725883398
289275,2,North Rim (LV),North Rim Trail,Natural,8,,,existing,Left Hand Ditch Company,County,County,Yes,Yes,Yes,Yes,,,0.68786319,5306.04223781,5306.730101,5306.3877311,15.92318374,4.29076842,4.37228994,4.32392223,15.9083180866474
289276,2,North Rim (LV),North Rim Trail,Natural,8,,,existing,County,County,County,Yes,Yes,Yes,Yes,,,86.49646082,5219.54577699,5306.04223781,5251.05520938,4156.55453435,0.00415966,21.12032724,2.94032627,4152.26868512199
289277,5,Coalton Trailhead,Mayhoffer Singletree Trail,Road Base,4,dig,2010,existing,County,County,County,Yes,Yes,Yes,Yes,,CCRC,105.16263439,5580.90278254,5686.06541693,5653.371462,7669.1905588,0.00308546,12.1032433,3.0711939,7663.38801246131
289278,2,Niwot,Cougar Trail,Crusher Fines,4,dig,2018,existing,County,County,County,Yes,Yes,Yes,Yes,need to GPS,Niwot,4.03918659,5138.84113645,5142.88032304,5140.56031321,1079.37609002,0.01074396,3.67563436,0.89345204,1079.29560327653
289279,2,Niwot,Cougar Trail,Crusher Fines,4,dig,2018,existing,County,County,County,Yes,Yes,Yes,Yes,need to GPS,Niwot,2.42187557,5138.80821271,5141.23008828,5140.04477377,923.729616,0.00064738,2.4281996,0.98027519,923.662661421965
289280,2,Niwot,Cougar Trail,Crusher Fines,8,gps,2012,existing,Private,County,County,Yes,Yes,Yes,Yes,St Vrain School District Owns,Niwot,4.82705501,5138.09271832,5142.91977333,5140.5141861,892.97592806,0.03819158,3.87362574,1.00492646,892.895237776815
289281,2,Niwot,Overbrook Trail,Crusher Fines,8,gps,2012,existing,Private,County,County,Yes,Yes,Yes,Yes,St Vrain School District Owns,Niwot,23.13306688,5115.9385223,5139.07158918,5129.42981701,274.64198468,0.09507784,13.67476473,8.46743059,273.501600983194
289282,2,Niwot,Niwot Trails,Crusher Fines,12,gps,2000,existing,County,County,County,Yes,Yes,Yes,Yes,,Niwot,5.40352317,5111.48775232,5116.89127549,5114.03235359,139.70387802,2.84553011,4.84722667,3.87102323,139.595871640586
289283,5,Niwot,Niwot Trails,Crusher Fines,8,gps,2007,existing,County,County,County,Yes,Yes,Yes,Yes,,LOBO,10.96527114,5104.76710114,5115.73237228,5111.8127156,499.54595875,0.03952453,11.20396237,2.46735679,499.183687287362
289284,2,Niwot,Niwot Trails,Crusher Fines,8,gps,2007,existing,County,County,County,Yes,Yes,Yes,Yes,,Niwot,0.41975609,5111.24683021,5111.6665863,5111.4036504,88.73845481,0.17812806,1.23706215,0.74456141,88.7352434587657
289285,5,Niwot,Niwot Trails,Crusher Fines,12,gps,2000,existing,County,County,County,Yes,Yes,Yes,Yes,,LOBO,15.92668021,5088.84042093,5104.76710114,5095.58723941,340.46520535,0.10052371,7.98749049,5.11276238,339.949884384049
289286,2,Niwot,Niwot Trails,Crusher Fines,12,gps,2000,existing,County,County,County,Yes,Yes,Yes,Yes,,Niwot,6.72065118,5104.76710114,5111.48775232,5108.5752279,126.0265918,3.93629237,7.20436031,5.34198219,125.834535283441
289287,2,Sugarloaf Mountain,Sugarloaf Mountain,Natural,4,dig,2018,existing,County,NA,County,Yes,Yes,Yes,Yes,Width measured in GIS.,,162.49700334,8742.99758994,8905.49459328,8818.22093099,1373.08381495,0.75317768,40.89066005,12.32570612,1359.80891183028
289288,5,Coalton Trailhead,Mayhoffer Singletree Trail,Crusher Fines,10,dig,2006,existing,County,County,County,Yes,Yes,Yes,Yes,,CCRC,74.93055769,5514.44574209,5589.37629978,5542.50195747,3287.29821591,0.02974536,11.02491024,2.89764353,3285.28505913938
289289,5,Coalton Trailhead,Mayhoffer Singletree Trail,Crusher Fines,10,dig,2006,existing,Superior,County,County,Yes,Yes,Yes,Yes,,CCRC,9.05028875,5511.23894578,5520.28923453,5517.38108893,347.11008422,0.14704822,7.72497955,2.81280759,346.883274239019
289290,5,Coalton Trailhead,Meadowlark Trail,Crusher Fines,8,dig,2010,existing,Superior,County,Boulder,Yes,Yes,Yes,Yes,,CCRC,191.88756216,5543.70466351,5735.59222567,5663.46826828,14023.29470805,0.00240457,33.0760884,3.25335119,14010.0090495682
289291,5,Coalton Trailhead,Meadowlark Trail,Crusher Fines,8,dig,2010,existing,Superior,County,Boulder,Yes,Yes,Yes,Yes,,CCRC,44.88049233,5511.8806575,5556.76114983,5538.97732225,747.67300134,0.96652987,12.20734512,6.02350217,745.917986808742
289292,2,Niwot,Niwot Trails,Crusher Fines,12,dig,2012,existing,County,County,County,Yes,Yes,Yes,Yes,,Niwot,6.69840685,5140.54586484,5147.24427169,5144.26907678,234.01980277,0.8813429,5.61165052,2.86481463,233.89152230197
289293,2,Niwot,Somerset Trail,Crusher Fines,12,gps,2000,existing,County,County,County,Yes,Yes,Yes,Yes,,Niwot,144.60266049,5147.24427169,5291.84693218,5208.59791442,4877.98685147,0.0310919,19.51573897,4.0906173,4871.66022995807
289294,2,North Rim (LV),North Rim,Natural,8,,2017,existing,Lake Valley Golf Course,County,County,Yes,Yes,Yes,Yes,North Rim (Lake Valley),,25.12904477,5230.71354234,5255.84258711,5242.00757313,1767.19001984,0.01398099,6.73475713,2.7609638,1766.311366622
289295,2,Walker Ranch,Walker Ranch Loop,Natural,3,gps,2000,existing,County,County,County,Yes,Yes,Yes,Yes,Crescent Meadows - 2.4 mi,,30.4847139,6421.12927011,6451.61398401,6438.90546037,441.85364643,1.95321479,47.96302705,16.91531528,433.140366671992
289296,2,Walker Ranch,Walker Ranch Loop,Natural,3,gps,2000,existing,County,County,County,Yes,Yes,Yes,Yes,Crescent Meadows - 2.4 mi,,274.00567541,6618.35006613,6892.35574154,6726.19215539,4009.84025818,0.02575633,40.31576838,12.78710225,3961.70680683701
289297,2,Walker Ranch,Walker Ranch Loop,Natural,3,gps,2000,existing,County,County,County,Yes,Yes,No,Yes,Crescent Meadows - 2.4 mi,,184.38849364,6433.99223594,6618.38072958,6546.08716033,1111.47112985,0.17860135,135.30891759,50.53735353,971.53094400714
289298,2,Walker Ranch,Walker Ranch Loop,,,,,proposed,,,,,,,,re-routes in 'Proposed Facilities Map' in management plan,,71.84774761,7224.23227427,7296.08002188,7250.87828672,697.23185792,0.26198337,23.79747312,13.45835528,689.102116954508
289299,2,Walker Ranch,Walker Ranch Loop,,,,,proposed,,,,,,,,re-routes in 'Proposed Facilities Map' in management plan,,126.90224071,7159.1837551,7286.08599581,7225.6269645,2675.19951767,0.11008796,36.20041572,10.88979674,2651.58920543594
289300,2,Walker Ranch,Walker Ranch Loop,,,,,proposed,,,,,,,,re-routes in 'Proposed Facilities Map' in management plan,,56.05512123,6922.62182764,6978.67694887,6959.36543785,536.68984894,0.73665003,28.14047535,12.20981704,530.885475758431
289301,3,Rabbit Mountain,,Crusher Fines,4,,,existing,County,County,County,Yes,Yes,Yes,Yes,Width measured in GIS.,,5.94738462,5513.14210242,5519.08948704,5516.14121731,66.83516591,7.85015198,10.19571989,8.93509901,66.5673887951961
289302,3,Rabbit Mountain,,Crusher Fines,11,,,existing,County,County,County,Yes,Yes,Yes,Yes,Width measured in GIS.,,2.73270759,5510.40939483,5513.14210242,5512.02301008,35.84595953,5.00633724,10.5921265,7.65470439,35.7278368776042
289303,2,Boulder Canyon,Boulder Canyon Trail,Crusher Fines,10,dig,2006,existing,Boulder,County,County,Yes,Yes,Yes,Yes,"City owned, County maintains",,218.64350546,5537.77609176,5756.41959722,5650.01718261,7437.04436891,0.00631547,60.91135321,6.18031203,7405.53398065771
289304,2,Boulder Canyon,Boulder Canyon Trail,Concrete,10,dig,2006,existing,Boulder,County,County,Yes,Yes,Yes,Yes,"City owned, County maintains",,92.08819843,5457.76915425,5549.85735268,5507.80950442,2354.08617522,0.02772797,29.74786085,5.69230103,2346.15775816179
289305,2,Niwot,Hidden Star Trail,Crusher Fines,12,gps,2000,existing,Private,County,County,Yes,Yes,Yes,Yes,,Niwot,18.93781054,5138.77636094,5157.71417148,5146.78985276,1766.91364567,0.06469043,9.82368129,2.20200711,1766.16451196649
289306,2,Niwot,Hidden Star Trail,Crusher Fines,6,gps,,existing,Private,HOA,County,Yes,Yes,No,Yes,,Niwot,14.80333951,5142.77567597,5157.57901548,5149.12086791,1966.61069152,0.02314617,6.34456081,1.72408476,1966.08666165221
289307,2,Walden Ponds,Walden Ponds Trail,Crusher Fines,8,gps,2000,existing,County,County,County,Yes,Yes,Yes,Yes,,,2.25018419,5118.74718098,5120.99736517,5119.32748017,313.71760379,0.00716429,2.23984216,0.71737006,313.700464801454
289308,2,Walden Ponds,Walden Ponds Trail,Crusher Fines,8,gps,2000,existing,County,County,County,Yes,Yes,Yes,Yes,,,5.81369844,5118.49062191,5124.30432035,5121.27450608,3804.35108508,0,3.44636662,0.3569019,3804.29099109981
289309,5,Imel,Imel/NW Parkway,Crusher Fines,10,gps,2007,existing,County,County,County,Yes,Yes,Yes,Yes,,CCRC,12.08170293,5190.10005915,5202.18176208,5197.74751142,2052.95801283,0.01117611,3.8319449,0.77289745,2052.82714042706
289310,5,Imel,Imel/NW Parkway,Crusher Fines,10,gps,2007,existing,County,County,County,Yes,Yes,Yes,Yes,,CCRC,1.45957039,5190.69316149,5192.15273188,5191.73839176,184.51287658,0.24891366,1.7519177,0.86818525,184.502686851546
289311,5,Coal Creek,Coal Creek Trail,Crusher Fines,8,gps,2013,existing,Boulder County,County,County,Yes,Yes,Yes,Yes,,CCRC,48.97114446,5117.64874583,5166.61989029,5141.52050577,8559.54439068,0.00335561,17.16017819,2.79779544,8553.13966826414
289312,5,Coal Creek,Coal Creek Trail,Crusher Fines,8,gps,2013,existing,Boulder County,County,County,Yes,Yes,Yes,Yes,,CCRC,0.59498836,5132.97978074,5133.5747691,5133.20533446,85.81645759,0.07290392,1.87955947,0.73457161,85.8126667937441
